run_id,backend,iteration,cuda_ms,wall_ms,gpu_allocated_mb,gpu_reserved_mb
20260729T182249_bf16_eager,bf16_eager,0,59.227135,59.259479,4014.374,4256.0
20260729T182249_bf16_eager,bf16_eager,1,59.422722,59.450895,4014.374,4256.0
20260729T182249_bf16_eager,bf16_eager,2,59.364353,59.391034,4014.374,4256.0
20260729T182249_bf16_eager,bf16_eager,3,59.777023,59.807119,4014.374,4256.0
20260729T182249_bf16_eager,bf16_eager,4,59.643906,59.672029,4014.374,4256.0
20260729T182249_bf16_eager,bf16_eager,5,59.705345,59.729726,4014.374,4256.0
20260729T182249_bf16_eager,bf16_eager,6,59.431934,59.463229,4014.374,4256.0
20260729T182249_bf16_eager,bf16_eager,7,61.544319,61.572631,4014.374,4256.0
20260729T182249_bf16_eager,bf16_eager,8,59.403263,59.431199,4014.374,4256.0
20260729T182249_bf16_eager,bf16_eager,9,59.765759,59.79077,4014.374,4256.0
20260729T182249_bf16_eager,bf16_eager,10,59.523071,59.551914,4014.374,4256.0
20260729T182249_bf16_eager,bf16_eager,11,59.402241,59.429937,4014.374,4256.0
20260729T182249_bf16_eager,bf16_eager,12,59.597824,59.622917,4014.374,4256.0
20260729T182249_bf16_eager,bf16_eager,13,59.465729,59.492764,4014.374,4256.0
20260729T182249_bf16_eager,bf16_eager,14,59.496449,59.52275,4014.374,4256.0
20260729T182249_bf16_eager,bf16_eager,15,59.240448,59.267363,4014.374,4256.0
20260729T182249_bf16_eager,bf16_eager,16,59.428864,59.459542,4014.374,4256.0
20260729T182249_bf16_eager,bf16_eager,17,60.249088,60.276435,4014.374,4256.0
20260729T182249_bf16_eager,bf16_eager,18,61.155327,61.186581,4014.374,4256.0
20260729T182249_bf16_eager,bf16_eager,19,59.906113,59.945317,4014.374,4256.0
20260729T182249_bf16_eager,bf16_eager,20,59.554817,59.583694,4014.374,4256.0
20260729T182249_bf16_eager,bf16_eager,21,59.574272,59.599854,4014.374,4256.0
20260729T182249_bf16_eager,bf16_eager,22,59.509762,59.539131,4014.374,4256.0
20260729T182249_bf16_eager,bf16_eager,23,59.455486,59.482285,4014.374,4256.0
20260729T182249_bf16_eager,bf16_eager,24,60.602367,60.634923,4014.374,4256.0
20260729T182249_bf16_eager,bf16_eager,25,61.477791,61.510996,4014.374,4256.0
20260729T182249_bf16_eager,bf16_eager,26,59.715584,59.743903,4014.374,4256.0
20260729T182249_bf16_eager,bf16_eager,27,59.697151,59.727462,4014.374,4256.0
20260729T182249_bf16_eager,bf16_eager,28,59.672577,59.70523,4014.374,4256.0
20260729T182249_bf16_eager,bf16_eager,29,59.78931,59.815837,4014.374,4256.0
20260729T182249_bf16_eager,bf16_eager,30,59.364353,59.589515,4014.374,4256.0
20260729T182249_bf16_eager,bf16_eager,31,61.316994,61.347673,4014.374,4256.0
20260729T182249_bf16_eager,bf16_eager,32,62.286846,62.316158,4014.374,4256.0
20260729T182249_bf16_eager,bf16_eager,33,59.383678,59.408527,4014.374,4256.0
20260729T182249_bf16_eager,bf16_eager,34,61.930496,61.961145,4014.374,4256.0
20260729T182249_bf16_eager,bf16_eager,35,59.631615,59.659305,4014.374,4256.0
20260729T182249_bf16_eager,bf16_eager,36,59.855904,59.892189,4014.374,4256.0
20260729T182249_bf16_eager,bf16_eager,37,60.092415,60.125404,4014.374,4256.0
20260729T182249_bf16_eager,bf16_eager,38,59.557888,59.583854,4014.374,4256.0
20260729T182249_bf16_eager,bf16_eager,39,60.183552,60.20905,4014.374,4256.0
20260729T182249_bf16_eager,bf16_eager,40,61.36525,61.398517,4014.374,4256.0
20260729T182249_bf16_eager,bf16_eager,41,59.807743,59.835284,4014.374,4256.0
20260729T182249_bf16_eager,bf16_eager,42,59.723778,59.761024,4014.374,4256.0
20260729T182249_bf16_eager,bf16_eager,43,62.608383,62.641164,4014.374,4256.0
20260729T182249_bf16_eager,bf16_eager,44,60.529663,60.562909,4014.374,4256.0
20260729T182249_bf16_eager,bf16_eager,45,59.623425,59.655578,4014.374,4256.0
20260729T182249_bf16_eager,bf16_eager,46,61.871105,61.903308,4014.374,4256.0
20260729T182249_bf16_eager,bf16_eager,47,59.821056,59.854268,4014.374,4256.0
20260729T182249_bf16_eager,bf16_eager,48,59.926529,59.959795,4014.374,4256.0
20260729T182249_bf16_eager,bf16_eager,49,63.059967,63.093897,4014.374,4256.0
20260729T182249_bf16_eager,bf16_eager,50,59.647938,59.674644,4014.374,4256.0
20260729T182249_bf16_eager,bf16_eager,51,59.545601,59.588012,4014.374,4256.0
20260729T182249_bf16_eager,bf16_eager,52,59.479038,59.505188,4014.374,4256.0
20260729T182249_bf16_eager,bf16_eager,53,59.507679,59.534413,4014.374,4256.0
20260729T182249_bf16_eager,bf16_eager,54,59.753471,59.780271,4014.374,4256.0
20260729T182249_bf16_eager,bf16_eager,55,59.55584,59.58151,4014.374,4256.0
20260729T182249_bf16_eager,bf16_eager,56,80.914398,80.989639,4014.374,4256.0
20260729T182249_bf16_eager,bf16_eager,57,77.505539,77.548844,4014.374,4256.0
20260729T182249_bf16_eager,bf16_eager,58,67.373055,67.415885,4014.374,4256.0
20260729T182249_bf16_eager,bf16_eager,59,62.236671,62.278759,4014.374,4256.0
20260729T182249_bf16_eager,bf16_eager,60,61.403137,61.438402,4014.374,4256.0
20260729T182249_bf16_eager,bf16_eager,61,61.453312,61.486833,4014.374,4256.0
20260729T182249_bf16_eager,bf16_eager,62,59.970558,59.998648,4014.374,4256.0
20260729T182249_bf16_eager,bf16_eager,63,59.332607,59.359997,4014.374,4256.0
20260729T182249_bf16_eager,bf16_eager,64,59.160576,59.188969,4014.374,4256.0
20260729T182249_bf16_eager,bf16_eager,65,59.624481,59.654056,4014.374,4256.0
20260729T182249_bf16_eager,bf16_eager,66,59.265953,59.292692,4014.374,4256.0
20260729T182249_bf16_eager,bf16_eager,67,59.51693,59.545844,4014.374,4256.0
20260729T182249_bf16_eager,bf16_eager,68,59.324417,59.353335,4014.374,4256.0
20260729T182249_bf16_eager,bf16_eager,69,59.531265,59.557105,4014.374,4256.0
20260729T182249_bf16_eager,bf16_eager,70,59.296898,59.32345,4014.374,4256.0
20260729T182249_bf16_eager,bf16_eager,71,60.693504,60.71815,4014.374,4256.0
20260729T182249_bf16_eager,bf16_eager,72,60.638206,60.662887,4014.374,4256.0
20260729T182249_bf16_eager,bf16_eager,73,60.548096,60.57361,4014.374,4256.0
20260729T182249_bf16_eager,bf16_eager,74,60.799999,60.825921,4014.374,4256.0
20260729T182249_bf16_eager,bf16_eager,75,59.98592,60.012004,4014.374,4256.0
20260729T182249_bf16_eager,bf16_eager,76,60.100609,60.126517,4014.374,4256.0
20260729T182249_bf16_eager,bf16_eager,77,59.615231,59.641903,4014.374,4256.0
20260729T182249_bf16_eager,bf16_eager,78,59.512833,59.539182,4014.374,4256.0
20260729T182249_bf16_eager,bf16_eager,79,59.261951,59.289266,4014.374,4256.0
20260729T182249_bf16_eager,bf16_eager,80,59.579391,59.604233,4014.374,4256.0
20260729T182249_bf16_eager,bf16_eager,81,67.006462,67.040857,4014.374,4256.0
20260729T182249_bf16_eager,bf16_eager,82,61.776897,61.813491,4014.374,4256.0
20260729T182249_bf16_eager,bf16_eager,83,59.514881,59.541927,4014.374,4256.0
20260729T182249_bf16_eager,bf16_eager,84,60.242943,60.279702,4014.374,4256.0
20260729T182249_bf16_eager,bf16_eager,85,60.351486,60.387945,4014.374,4256.0
20260729T182249_bf16_eager,bf16_eager,86,60.476418,60.512357,4014.374,4256.0
20260729T182249_bf16_eager,bf16_eager,87,62.503937,62.537722,4014.374,4256.0
20260729T182249_bf16_eager,bf16_eager,88,60.898304,60.931978,4014.374,4256.0
20260729T182249_bf16_eager,bf16_eager,89,61.271999,61.305875,4014.374,4256.0
20260729T182249_bf16_eager,bf16_eager,90,61.62624,61.654516,4014.374,4256.0
20260729T182249_bf16_eager,bf16_eager,91,61.488129,61.520015,4014.374,4256.0
20260729T182249_bf16_eager,bf16_eager,92,60.689281,60.721416,4014.374,4256.0
20260729T182249_bf16_eager,bf16_eager,93,59.882496,59.917598,4014.374,4256.0
20260729T182249_bf16_eager,bf16_eager,94,60.192703,60.229259,4014.374,4256.0
20260729T182249_bf16_eager,bf16_eager,95,59.885567,59.921365,4014.374,4256.0
20260729T182249_bf16_eager,bf16_eager,96,60.178432,60.213329,4014.374,4256.0
20260729T182249_bf16_eager,bf16_eager,97,60.369919,60.40684,4014.374,4256.0
20260729T182249_bf16_eager,bf16_eager,98,60.076031,60.111049,4014.374,4256.0
20260729T182249_bf16_eager,bf16_eager,99,64.144386,64.176858,4014.374,4256.0
20260729T182249_bf16_eager,bf16_eager,100,59.505665,59.536858,4014.374,4256.0
20260729T182249_bf16_eager,bf16_eager,101,59.460575,59.487406,4014.374,4256.0
20260729T182249_bf16_eager,bf16_eager,102,61.19936,61.23262,4014.374,4256.0
20260729T182249_bf16_eager,bf16_eager,103,67.796959,67.837593,4014.374,4256.0
20260729T182249_bf16_eager,bf16_eager,104,61.349888,61.386025,4014.374,4256.0
20260729T182249_bf16_eager,bf16_eager,105,59.846592,59.873355,4014.374,4256.0
20260729T182249_bf16_eager,bf16_eager,106,59.983871,60.067107,4014.374,4256.0
20260729T182249_bf16_eager,bf16_eager,107,60.836864,60.871967,4014.374,4256.0
20260729T182249_bf16_eager,bf16_eager,108,60.000256,60.027213,4014.374,4256.0
20260729T182249_bf16_eager,bf16_eager,109,59.730946,59.765715,4014.374,4256.0
20260729T182249_bf16_eager,bf16_eager,110,67.287041,67.351296,4014.374,4256.0
20260729T182249_bf16_eager,bf16_eager,111,59.78624,59.814827,4014.374,4256.0
20260729T182249_bf16_eager,bf16_eager,112,59.862015,59.888503,4014.374,4256.0
20260729T182249_bf16_eager,bf16_eager,113,59.990017,60.015992,4014.374,4256.0
20260729T182249_bf16_eager,bf16_eager,114,59.736065,59.76273,4014.374,4256.0
20260729T182249_bf16_eager,bf16_eager,115,59.539455,59.565582,4014.374,4256.0
20260729T182249_bf16_eager,bf16_eager,116,73.947166,74.012013,4014.374,4256.0
20260729T182249_bf16_eager,bf16_eager,117,62.059521,62.090679,4014.374,4256.0
20260729T182249_bf16_eager,bf16_eager,118,60.15181,60.18084,4014.374,4256.0
20260729T182249_bf16_eager,bf16_eager,119,59.261951,59.288196,4014.374,4256.0
20260729T182249_bf16_eager,bf16_eager,120,59.35104,59.37709,4014.374,4256.0
20260729T182249_bf16_eager,bf16_eager,121,62.145535,62.173484,4014.374,4256.0
20260729T182249_bf16_eager,bf16_eager,122,60.237823,60.266429,4014.374,4256.0
20260729T182249_bf16_eager,bf16_eager,123,59.810818,59.83766,4014.374,4256.0
20260729T182249_bf16_eager,bf16_eager,124,59.998207,60.024057,4014.374,4256.0
20260729T182249_bf16_eager,bf16_eager,125,60.04224,60.069151,4014.374,4256.0
20260729T182249_bf16_eager,bf16_eager,126,61.626369,61.668933,4014.374,4256.0
20260729T182249_bf16_eager,bf16_eager,127,59.987839,60.015871,4014.374,4256.0
20260729T182249_bf16_eager,bf16_eager,128,59.931648,59.959366,4014.374,4256.0
20260729T182249_bf16_eager,bf16_eager,129,59.83744,59.862606,4014.374,4256.0
20260729T182249_bf16_eager,bf16_eager,130,60.253185,60.279664,4014.374,4256.0
20260729T182249_bf16_eager,bf16_eager,131,62.481407,62.511444,4014.374,4256.0
20260729T182249_bf16_eager,bf16_eager,132,60.301311,60.329106,4014.374,4256.0
20260729T182249_bf16_eager,bf16_eager,133,59.810818,59.838962,4014.374,4256.0
20260729T182249_bf16_eager,bf16_eager,134,59.848705,59.876512,4014.374,4256.0
20260729T182249_bf16_eager,bf16_eager,135,59.815937,59.851646,4014.374,4256.0
20260729T182249_bf16_eager,bf16_eager,136,59.552769,59.581232,4014.374,4256.0
20260729T182249_bf16_eager,bf16_eager,137,60.056576,60.087115,4014.374,4256.0
20260729T182249_bf16_eager,bf16_eager,138,60.917759,60.95338,4014.374,4256.0
20260729T182249_bf16_eager,bf16_eager,139,62.902271,62.935875,4014.374,4256.0
20260729T182249_bf16_eager,bf16_eager,140,61.965313,61.995082,4014.374,4256.0
20260729T182249_bf16_eager,bf16_eager,141,59.814911,59.841698,4014.374,4256.0
20260729T182249_bf16_eager,bf16_eager,142,59.839489,59.865241,4014.374,4256.0
20260729T182249_bf16_eager,bf16_eager,143,59.662334,59.697789,4014.374,4256.0
20260729T182249_bf16_eager,bf16_eager,144,60.555264,60.593569,4014.374,4256.0
20260729T182249_bf16_eager,bf16_eager,145,59.97773,60.036421,4014.374,4256.0
20260729T182249_bf16_eager,bf16_eager,146,62.974976,63.016045,4014.374,4256.0
20260729T182249_bf16_eager,bf16_eager,147,61.925377,61.955739,4014.374,4256.0
20260729T182249_bf16_eager,bf16_eager,148,59.982849,60.010381,4014.374,4256.0
20260729T182249_bf16_eager,bf16_eager,149,59.9296,59.95609,4014.374,4256.0
20260729T182249_bf16_eager,bf16_eager,150,59.768833,59.795111,4014.374,4256.0
20260729T182249_bf16_eager,bf16_eager,151,59.894783,59.920124,4014.374,4256.0
20260729T182249_bf16_eager,bf16_eager,152,62.301186,62.336108,4014.374,4256.0
20260729T182249_bf16_eager,bf16_eager,153,60.22451,60.251121,4014.374,4256.0
20260729T182249_bf16_eager,bf16_eager,154,59.829247,59.857918,4014.374,4256.0
20260729T182249_bf16_eager,bf16_eager,155,59.754498,59.782337,4014.374,4256.0
20260729T182249_bf16_eager,bf16_eager,156,59.919361,59.945611,4014.374,4256.0
20260729T182249_bf16_eager,bf16_eager,157,59.767742,59.801813,4014.374,4256.0
20260729T182249_bf16_eager,bf16_eager,158,59.908096,59.935823,4014.374,4256.0
20260729T182249_bf16_eager,bf16_eager,159,60.104706,60.131147,4014.374,4256.0
20260729T182249_bf16_eager,bf16_eager,160,59.970558,59.996556,4014.374,4256.0
20260729T182249_bf16_eager,bf16_eager,161,60.471294,60.496859,4014.374,4256.0
20260729T182249_bf16_eager,bf16_eager,162,60.07296,60.098447,4014.374,4256.0
20260729T182249_bf16_eager,bf16_eager,163,60.131329,60.157696,4014.374,4256.0
20260729T182249_bf16_eager,bf16_eager,164,60.201984,60.227156,4014.374,4256.0
20260729T182249_bf16_eager,bf16_eager,165,59.951103,59.97693,4014.374,4256.0
20260729T182249_bf16_eager,bf16_eager,166,59.951103,59.97673,4014.374,4256.0
20260729T182249_bf16_eager,bf16_eager,167,60.131329,60.156515,4014.374,4256.0
20260729T182249_bf16_eager,bf16_eager,168,60.10675,60.133452,4014.374,4256.0
20260729T182249_bf16_eager,bf16_eager,169,60.025856,60.056078,4014.374,4256.0
20260729T182249_bf16_eager,bf16_eager,170,60.332031,60.367207,4014.374,4256.0
20260729T182249_bf16_eager,bf16_eager,171,64.463875,64.501004,4014.374,4256.0
20260729T182249_bf16_eager,bf16_eager,172,66.628609,66.666661,4014.374,4256.0
20260729T182249_bf16_eager,bf16_eager,173,60.900352,60.93164,4014.374,4256.0
20260729T182249_bf16_eager,bf16_eager,174,60.180416,60.207009,4014.374,4256.0
20260729T182249_bf16_eager,bf16_eager,175,59.829247,59.855594,4014.374,4256.0
20260729T182249_bf16_eager,bf16_eager,176,60.013569,60.039727,4014.374,4256.0
20260729T182249_bf16_eager,bf16_eager,177,60.102657,60.129685,4014.374,4256.0
20260729T182249_bf16_eager,bf16_eager,178,60.213249,60.240421,4014.374,4256.0
20260729T182249_bf16_eager,bf16_eager,179,60.315582,60.342041,4014.374,4256.0
20260729T182249_bf16_eager,bf16_eager,180,59.872257,59.898264,4014.374,4256.0
20260729T182249_bf16_eager,bf16_eager,181,60.226559,60.253366,4014.374,4256.0
20260729T182249_bf16_eager,bf16_eager,182,59.950081,59.976429,4014.374,4256.0
20260729T182249_bf16_eager,bf16_eager,183,60.31155,60.337252,4014.374,4256.0
20260729T182249_bf16_eager,bf16_eager,184,59.883518,59.910647,4014.374,4256.0
20260729T182249_bf16_eager,bf16_eager,185,60.278786,60.304711,4014.374,4256.0
20260729T182249_bf16_eager,bf16_eager,186,60.132351,60.158269,4014.374,4256.0
20260729T182249_bf16_eager,bf16_eager,187,60.361694,60.386895,4014.374,4256.0
20260729T182249_bf16_eager,bf16_eager,188,59.948032,59.977922,4014.374,4256.0
20260729T182249_bf16_eager,bf16_eager,189,60.090366,60.11609,4014.374,4256.0
20260729T182249_bf16_eager,bf16_eager,190,59.81485,59.839725,4014.374,4256.0
20260729T182249_bf16_eager,bf16_eager,191,59.800575,59.830538,4014.374,4256.0
20260729T182249_bf16_eager,bf16_eager,192,60.123135,60.155703,4014.374,4256.0
20260729T182249_bf16_eager,bf16_eager,193,60.461056,60.494416,4014.374,4256.0
20260729T182249_bf16_eager,bf16_eager,194,60.212223,60.248176,4014.374,4256.0
20260729T182249_bf16_eager,bf16_eager,195,61.080578,61.118068,4014.374,4256.0
20260729T182249_bf16_eager,bf16_eager,196,60.409855,60.447177,4014.374,4256.0
20260729T182249_bf16_eager,bf16_eager,197,60.740608,60.777793,4014.374,4256.0
20260729T182249_bf16_eager,bf16_eager,198,62.44352,62.480819,4014.374,4256.0
20260729T182249_bf16_eager,bf16_eager,199,60.455936,60.492251,4014.374,4256.0
20260729T182249_bf16_eager,bf16_eager,200,61.737984,61.790623,4014.374,4256.0
20260729T182249_bf16_eager,bf16_eager,201,60.578815,60.613427,4014.374,4256.0
20260729T182249_bf16_eager,bf16_eager,202,61.118465,61.155849,4014.374,4256.0
20260729T182249_bf16_eager,bf16_eager,203,60.922878,60.960495,4014.374,4256.0
20260729T182249_bf16_eager,bf16_eager,204,61.656063,61.721904,4014.374,4256.0
20260729T182249_bf16_eager,bf16_eager,205,61.001728,61.036166,4014.374,4256.0
20260729T182249_bf16_eager,bf16_eager,206,61.435905,61.476176,4014.374,4256.0
20260729T182249_bf16_eager,bf16_eager,207,62.520256,62.553905,4014.374,4256.0
20260729T182249_bf16_eager,bf16_eager,208,62.415871,62.452907,4014.374,4256.0
20260729T182249_bf16_eager,bf16_eager,209,62.077953,62.121148,4014.374,4256.0
20260729T182249_bf16_eager,bf16_eager,210,61.223934,61.2588,4014.374,4256.0
20260729T182249_bf16_eager,bf16_eager,211,60.370945,60.40578,4014.374,4256.0
20260729T182249_bf16_eager,bf16_eager,212,60.933121,60.970553,4014.374,4256.0
20260729T182249_bf16_eager,bf16_eager,213,61.656097,61.691266,4014.374,4256.0
20260729T182249_bf16_eager,bf16_eager,214,61.000706,61.034592,4014.374,4256.0
20260729T182249_bf16_eager,bf16_eager,215,62.330879,62.366035,4014.374,4256.0
20260729T182249_bf16_eager,bf16_eager,216,67.836929,67.870627,4014.374,4256.0
20260729T182249_bf16_eager,bf16_eager,217,67.390465,67.427752,4014.374,4256.0
20260729T182249_bf16_eager,bf16_eager,218,60.839935,60.878972,4014.374,4256.0
20260729T182249_bf16_eager,bf16_eager,219,64.315392,64.362798,4014.374,4256.0
20260729T182249_bf16_eager,bf16_eager,220,65.11821,65.154073,4014.374,4256.0
20260729T182249_bf16_eager,bf16_eager,221,62.942207,62.97991,4014.374,4256.0
20260729T182249_bf16_eager,bf16_eager,222,59.729919,59.765808,4014.374,4256.0
20260729T182249_bf16_eager,bf16_eager,223,60.978176,61.013013,4014.374,4256.0
20260729T182249_bf16_eager,bf16_eager,224,60.673023,60.708415,4014.374,4256.0
20260729T182249_bf16_eager,bf16_eager,225,60.798977,60.835743,4014.374,4256.0
20260729T182249_bf16_eager,bf16_eager,226,60.347393,60.375604,4014.374,4256.0
20260729T182249_bf16_eager,bf16_eager,227,60.505089,60.531545,4014.374,4256.0
20260729T182249_bf16_eager,bf16_eager,228,60.13747,60.164271,4014.374,4256.0
20260729T182249_bf16_eager,bf16_eager,229,60.22448,60.249349,4014.374,4256.0
20260729T182249_bf16_eager,bf16_eager,230,60.372993,60.398487,4014.374,4256.0
20260729T182249_bf16_eager,bf16_eager,231,60.395519,60.42194,4014.374,4256.0
20260729T182249_bf16_eager,bf16_eager,232,60.539906,60.566611,4014.374,4256.0
20260729T182249_bf16_eager,bf16_eager,233,60.149761,60.176654,4014.374,4256.0
20260729T182249_bf16_eager,bf16_eager,234,60.239872,60.266903,4014.374,4256.0
20260729T182249_bf16_eager,bf16_eager,235,60.265472,60.292319,4014.374,4256.0
20260729T182249_bf16_eager,bf16_eager,236,60.44672,60.475331,4014.374,4256.0
20260729T182249_bf16_eager,bf16_eager,237,59.869183,59.897243,4014.374,4256.0
20260729T182249_bf16_eager,bf16_eager,238,60.144642,60.172736,4014.374,4256.0
20260729T182249_bf16_eager,bf16_eager,239,60.024834,60.05101,4014.374,4256.0
20260729T182249_bf16_eager,bf16_eager,240,60.38221,60.408266,4014.374,4256.0
20260729T182249_bf16_eager,bf16_eager,241,60.156929,60.184629,4014.374,4256.0
20260729T182249_bf16_eager,bf16_eager,242,60.090366,60.116421,4014.374,4256.0
20260729T182249_bf16_eager,bf16_eager,243,60.061695,60.089902,4014.374,4256.0
20260729T182249_bf16_eager,bf16_eager,244,60.078079,60.10485,4014.374,4256.0
20260729T182249_bf16_eager,bf16_eager,245,60.435425,60.462166,4014.374,4256.0
20260729T182249_bf16_eager,bf16_eager,246,60.41293,60.441538,4014.374,4256.0
20260729T182249_bf16_eager,bf16_eager,247,60.27776,60.305033,4014.374,4256.0
20260729T182249_bf16_eager,bf16_eager,248,60.355583,60.383169,4014.374,4256.0
20260729T182249_bf16_eager,bf16_eager,249,60.360703,60.388489,4014.374,4256.0
20260729T182249_bf16_eager,bf16_eager,250,60.41293,60.441328,4014.374,4256.0
20260729T182249_bf16_eager,bf16_eager,251,60.201984,60.240894,4014.374,4256.0
20260729T182249_bf16_eager,bf16_eager,252,63.527935,63.574819,4014.374,4256.0
20260729T182249_bf16_eager,bf16_eager,253,62.698498,62.737217,4014.374,4256.0
20260729T182249_bf16_eager,bf16_eager,254,60.163071,60.193275,4014.374,4256.0
20260729T182249_bf16_eager,bf16_eager,255,60.13747,60.172376,4014.374,4256.0
20260729T182249_bf16_eager,bf16_eager,256,60.089344,60.12073,4014.374,4256.0
20260729T182249_bf16_eager,bf16_eager,257,60.529663,60.559368,4014.374,4256.0
20260729T182249_bf16_eager,bf16_eager,258,64.15155,64.351758,4014.374,4256.0
20260729T182249_bf16_eager,bf16_eager,259,62.345215,62.380262,4014.374,4256.0
20260729T182249_bf16_eager,bf16_eager,260,60.348415,60.376928,4014.374,4256.0
20260729T182249_bf16_eager,bf16_eager,261,60.408833,60.437701,4014.374,4256.0
20260729T182249_bf16_eager,bf16_eager,262,60.267521,60.29736,4014.374,4256.0
20260729T182249_bf16_eager,bf16_eager,263,60.397568,60.4262,4014.374,4256.0
20260729T182249_bf16_eager,bf16_eager,264,60.318722,60.34599,4014.374,4256.0
20260729T182249_bf16_eager,bf16_eager,265,60.276768,60.304754,4014.374,4256.0
20260729T182249_bf16_eager,bf16_eager,266,60.267521,60.295987,4014.374,4256.0
20260729T182249_bf16_eager,bf16_eager,267,60.353535,60.380926,4014.374,4256.0
20260729T182249_bf16_eager,bf16_eager,268,60.040192,60.068483,4014.374,4256.0
20260729T182249_bf16_eager,bf16_eager,269,60.000256,60.028548,4014.374,4256.0
20260729T182249_bf16_eager,bf16_eager,270,59.909119,59.936196,4014.374,4256.0
20260729T182249_bf16_eager,bf16_eager,271,59.824127,59.851198,4014.374,4256.0
20260729T182249_bf16_eager,bf16_eager,272,60.148735,60.176855,4014.374,4256.0
20260729T182249_bf16_eager,bf16_eager,273,60.214272,60.242116,4014.374,4256.0
20260729T182249_bf16_eager,bf16_eager,274,60.086273,60.113708,4014.374,4256.0
20260729T182249_bf16_eager,bf16_eager,275,60.067841,60.095222,4014.374,4256.0
20260729T182249_bf16_eager,bf16_eager,276,60.084225,60.111984,4014.374,4256.0
20260729T182249_bf16_eager,bf16_eager,277,66.728867,66.760338,4014.374,4256.0
20260729T182249_bf16_eager,bf16_eager,278,60.21632,60.244341,4014.374,4256.0
20260729T182249_bf16_eager,bf16_eager,279,60.385281,60.411122,4014.374,4256.0
20260729T182249_bf16_eager,bf16_eager,280,60.304417,60.331784,4014.374,4256.0
20260729T182249_bf16_eager,bf16_eager,281,60.12928,60.155435,4014.374,4256.0
20260729T182249_bf16_eager,bf16_eager,282,60.45491,60.481724,4014.374,4256.0
20260729T182249_bf16_eager,bf16_eager,283,67.338242,67.378751,4014.374,4256.0
20260729T182249_bf16_eager,bf16_eager,284,60.153854,60.180983,4014.374,4256.0
20260729T182249_bf16_eager,bf16_eager,285,60.133377,60.159403,4014.374,4256.0
20260729T182249_bf16_eager,bf16_eager,286,59.846722,59.87352,4014.374,4256.0
20260729T182249_bf16_eager,bf16_eager,287,59.968513,59.998593,4014.374,4256.0
20260729T182249_bf16_eager,bf16_eager,288,59.931648,59.958358,4014.374,4256.0
20260729T182249_bf16_eager,bf16_eager,289,60.13232,60.158892,4014.374,4256.0
20260729T182249_bf16_eager,bf16_eager,290,60.200958,60.229323,4014.374,4256.0
20260729T182249_bf16_eager,bf16_eager,291,60.664833,60.699139,4014.374,4256.0
20260729T182249_bf16_eager,bf16_eager,292,64.132095,64.171112,4014.374,4256.0
20260729T182249_bf16_eager,bf16_eager,293,61.001728,61.03221,4014.374,4256.0
20260729T182249_bf16_eager,bf16_eager,294,65.301506,65.335112,4014.374,4256.0
20260729T182249_bf16_eager,bf16_eager,295,59.708416,59.737657,4014.374,4256.0
20260729T182249_bf16_eager,bf16_eager,296,60.143616,60.171686,4014.374,4256.0
20260729T182249_bf16_eager,bf16_eager,297,60.266495,60.304624,4014.374,4256.0
20260729T182249_bf16_eager,bf16_eager,298,63.021057,63.057046,4014.374,4256.0
20260729T182249_bf16_eager,bf16_eager,299,61.737984,61.774143,4014.374,4256.0
20260729T182249_bf16_eager,bf16_eager,300,60.082176,60.114379,4014.374,4256.0
20260729T182249_bf16_eager,bf16_eager,301,59.996159,60.022989,4014.374,4256.0
20260729T182249_bf16_eager,bf16_eager,302,60.077057,60.106885,4014.374,4256.0
20260729T182249_bf16_eager,bf16_eager,303,60.081154,60.109761,4014.374,4256.0
20260729T182249_bf16_eager,bf16_eager,304,60.023808,60.051181,4014.374,4256.0
20260729T182249_bf16_eager,bf16_eager,305,66.11763,66.147697,4014.374,4256.0
20260729T182249_bf16_eager,bf16_eager,306,60.35965,60.38849,4014.374,4256.0
20260729T182249_bf16_eager,bf16_eager,307,60.136318,60.164072,4014.374,4256.0
20260729T182249_bf16_eager,bf16_eager,308,60.020737,60.047355,4014.374,4256.0
20260729T182249_bf16_eager,bf16_eager,309,60.474369,60.502964,4014.374,4256.0
20260729T182249_bf16_eager,bf16_eager,310,60.168194,60.195571,4014.374,4256.0
20260729T182249_bf16_eager,bf16_eager,311,60.36787,60.394191,4014.374,4256.0
20260729T182249_bf16_eager,bf16_eager,312,60.090466,60.118568,4014.374,4256.0
20260729T182249_bf16_eager,bf16_eager,313,60.342274,60.368503,4014.374,4256.0
20260729T182249_bf16_eager,bf16_eager,314,60.102657,60.134317,4014.374,4256.0
20260729T182249_bf16_eager,bf16_eager,315,60.101631,60.127754,4014.374,4256.0
20260729T182249_bf16_eager,bf16_eager,316,61.306881,61.333493,4014.374,4256.0
20260729T182249_bf16_eager,bf16_eager,317,60.371967,60.399341,4014.374,4256.0
20260729T182249_bf16_eager,bf16_eager,318,60.116993,60.143604,4014.374,4256.0
20260729T182249_bf16_eager,bf16_eager,319,60.018688,60.04488,4014.374,4256.0
20260729T182249_bf16_eager,bf16_eager,320,60.603394,60.62929,4014.374,4256.0
20260729T182249_bf16_eager,bf16_eager,321,60.225536,60.255112,4014.374,4256.0
20260729T182249_bf16_eager,bf16_eager,322,60.176384,60.202775,4014.374,4256.0
20260729T182249_bf16_eager,bf16_eager,323,60.166145,60.193226,4014.374,4256.0
20260729T182249_bf16_eager,bf16_eager,324,60.231583,60.257326,4014.374,4256.0
20260729T182249_bf16_eager,bf16_eager,325,60.81741,60.846034,4014.374,4256.0
20260729T182249_bf16_eager,bf16_eager,326,60.19379,60.221189,4014.374,4256.0
20260729T182249_bf16_eager,bf16_eager,327,60.258305,60.285108,4014.374,4256.0
20260729T182249_bf16_eager,bf16_eager,328,60.262402,60.289316,4014.374,4256.0
20260729T182249_bf16_eager,bf16_eager,329,60.297215,60.322918,4014.374,4256.0
20260729T182249_bf16_eager,bf16_eager,330,60.233727,60.259771,4014.374,4256.0
20260729T182249_bf16_eager,bf16_eager,331,60.048351,60.074085,4014.374,4256.0
20260729T182249_bf16_eager,bf16_eager,332,60.379135,60.410352,4014.374,4256.0
20260729T182249_bf16_eager,bf16_eager,333,60.32589,60.352895,4014.374,4256.0
20260729T182249_bf16_eager,bf16_eager,334,60.181503,60.21049,4014.374,4256.0
20260729T182249_bf16_eager,bf16_eager,335,60.215298,60.24839,4014.374,4256.0
20260729T182249_bf16_eager,bf16_eager,336,60.070911,60.099893,4014.374,4256.0
20260729T182249_bf16_eager,bf16_eager,337,68.111359,68.146003,4014.374,4256.0
20260729T182249_bf16_eager,bf16_eager,338,72.242172,72.288426,4014.374,4256.0
20260729T182249_bf16_eager,bf16_eager,339,65.558594,65.600397,4014.374,4256.0
20260729T182249_bf16_eager,bf16_eager,340,64.204803,64.242266,4014.374,4256.0
20260729T182249_bf16_eager,bf16_eager,341,63.951874,63.997018,4014.374,4256.0
20260729T182249_bf16_eager,bf16_eager,342,60.35968,60.392779,4014.374,4256.0
20260729T182249_bf16_eager,bf16_eager,343,63.661057,63.693062,4014.374,4256.0
20260729T182249_bf16_eager,bf16_eager,344,62.292992,62.327256,4014.374,4256.0
20260729T182249_bf16_eager,bf16_eager,345,60.384254,60.417155,4014.374,4256.0
20260729T182249_bf16_eager,bf16_eager,346,60.221439,60.252158,4014.374,4256.0
20260729T182249_bf16_eager,bf16_eager,347,60.222401,60.252087,4014.374,4256.0
20260729T182249_bf16_eager,bf16_eager,348,60.171169,60.19997,4014.374,4256.0
20260729T182249_bf16_eager,bf16_eager,349,60.270592,60.301229,4014.374,4256.0
20260729T182249_bf16_eager,bf16_eager,350,60.29517,60.326265,4014.374,4256.0
20260729T182249_bf16_eager,bf16_eager,351,60.635136,60.668053,4014.374,4256.0
20260729T182249_bf16_eager,bf16_eager,352,61.270016,61.298278,4014.374,4256.0
20260729T182249_bf16_eager,bf16_eager,353,60.700672,60.728575,4014.374,4256.0
20260729T182249_bf16_eager,bf16_eager,354,60.6208,60.647375,4014.374,4256.0
20260729T182249_bf16_eager,bf16_eager,355,60.47744,60.5055,4014.374,4256.0
20260729T182249_bf16_eager,bf16_eager,356,60.182529,60.210329,4014.374,4256.0
20260729T182249_bf16_eager,bf16_eager,357,60.233601,60.259721,4014.374,4256.0
20260729T182249_bf16_eager,bf16_eager,358,59.986942,60.013632,4014.374,4256.0
20260729T182249_bf16_eager,bf16_eager,359,60.156929,60.183329,4014.374,4256.0
20260729T182249_bf16_eager,bf16_eager,360,59.952129,59.983687,4014.374,4256.0
20260729T182249_bf16_eager,bf16_eager,361,60.536831,60.567896,4014.374,4256.0
20260729T182249_bf16_eager,bf16_eager,362,60.445663,60.477588,4014.374,4256.0
20260729T182249_bf16_eager,bf16_eager,363,60.958721,60.989883,4014.374,4256.0
20260729T182249_bf16_eager,bf16_eager,364,60.120064,60.152171,4014.374,4256.0
20260729T182249_bf16_eager,bf16_eager,365,60.123135,60.153484,4014.374,4256.0
20260729T182249_bf16_eager,bf16_eager,366,60.189697,60.217203,4014.374,4256.0
20260729T182249_bf16_eager,bf16_eager,367,60.478592,60.505901,4014.374,4256.0
20260729T182249_bf16_eager,bf16_eager,368,60.73856,60.765044,4014.374,4256.0
20260729T182249_bf16_eager,bf16_eager,369,60.557312,60.584256,4014.374,4256.0
20260729T182249_bf16_eager,bf16_eager,370,60.474369,60.500871,4014.374,4256.0
20260729T182249_bf16_eager,bf16_eager,371,62.319614,62.354226,4014.374,4256.0
20260729T182249_bf16_eager,bf16_eager,372,67.140579,67.176777,4014.374,4256.0
20260729T182249_bf16_eager,bf16_eager,373,62.984192,63.018145,4014.374,4256.0
20260729T182249_bf16_eager,bf16_eager,374,61.529087,61.56242,4014.374,4256.0
20260729T182249_bf16_eager,bf16_eager,375,60.104706,60.136542,4014.374,4256.0
20260729T182249_bf16_eager,bf16_eager,376,62.00013,62.031926,4014.374,4256.0
20260729T182249_bf16_eager,bf16_eager,377,61.107201,61.141906,4014.374,4256.0
20260729T182249_bf16_eager,bf16_eager,378,60.32896,60.361903,4014.374,4256.0
20260729T182249_bf16_eager,bf16_eager,379,60.147678,60.1777,4014.374,4256.0
20260729T182249_bf16_eager,bf16_eager,380,60.268543,60.301861,4014.374,4256.0
20260729T182249_bf16_eager,bf16_eager,381,60.178432,60.209388,4014.374,4256.0
20260729T182249_bf16_eager,bf16_eager,382,60.591103,60.622388,4014.374,4256.0
20260729T182249_bf16_eager,bf16_eager,383,60.440575,60.471197,4014.374,4256.0
20260729T182249_bf16_eager,bf16_eager,384,60.606464,60.637696,4014.374,4256.0
20260729T182249_bf16_eager,bf16_eager,385,60.695553,60.725009,4014.374,4256.0
20260729T182249_bf16_eager,bf16_eager,386,61.010944,61.042742,4014.374,4256.0
20260729T182249_bf16_eager,bf16_eager,387,60.683296,60.716053,4014.374,4256.0
20260729T182249_bf16_eager,bf16_eager,388,60.530689,60.561395,4014.374,4256.0
20260729T182249_bf16_eager,bf16_eager,389,60.413857,60.445488,4014.374,4256.0
20260729T182249_bf16_eager,bf16_eager,390,60.286976,60.319623,4014.374,4256.0
20260729T182249_bf16_eager,bf16_eager,391,60.419071,60.453694,4014.374,4256.0
20260729T182249_bf16_eager,bf16_eager,392,60.854271,60.89166,4014.374,4256.0
20260729T182249_bf16_eager,bf16_eager,393,60.76416,60.796813,4014.374,4256.0
20260729T182249_bf16_eager,bf16_eager,394,60.419071,60.452852,4014.374,4256.0
20260729T182249_bf16_eager,bf16_eager,395,61.272064,61.30478,4014.374,4256.0
20260729T182249_bf16_eager,bf16_eager,396,60.735489,60.770595,4014.374,4256.0
20260729T182249_bf16_eager,bf16_eager,397,62.475266,62.510639,4014.374,4256.0
20260729T182249_bf16_eager,bf16_eager,398,62.759937,62.791262,4014.374,4256.0
20260729T182249_bf16_eager,bf16_eager,399,61.014015,61.106681,4014.374,4256.0
20260729T182249_bf16_eager,bf16_eager,400,60.436481,60.475294,4014.374,4256.0
20260729T182249_bf16_eager,bf16_eager,401,61.732864,61.76525,4014.374,4256.0
20260729T182249_bf16_eager,bf16_eager,402,60.684288,60.717426,4014.374,4256.0
20260729T182249_bf16_eager,bf16_eager,403,60.650497,60.683944,4014.374,4256.0
20260729T182249_bf16_eager,bf16_eager,404,60.759041,60.791123,4014.374,4256.0
20260729T182249_bf16_eager,bf16_eager,405,60.464127,60.497025,4014.374,4256.0
20260729T182249_bf16_eager,bf16_eager,406,60.435455,60.471086,4014.374,4256.0
20260729T182249_bf16_eager,bf16_eager,407,60.672001,60.705523,4014.374,4256.0
20260729T182249_bf16_eager,bf16_eager,408,60.600319,60.635573,4014.374,4256.0
20260729T182249_bf16_eager,bf16_eager,409,60.366817,60.394233,4014.374,4256.0
20260729T182249_bf16_eager,bf16_eager,410,60.217342,60.243613,4014.374,4256.0
20260729T182249_bf16_eager,bf16_eager,411,59.984898,60.010799,4014.374,4256.0
20260729T182249_bf16_eager,bf16_eager,412,60.349442,60.375298,4014.374,4256.0
20260729T182249_bf16_eager,bf16_eager,413,59.997185,60.029303,4014.374,4256.0
20260729T182249_bf16_eager,bf16_eager,414,60.716,60.748914,4014.374,4256.0
20260729T182249_bf16_eager,bf16_eager,415,60.558334,60.592604,4014.374,4256.0
20260729T182249_bf16_eager,bf16_eager,416,60.656639,60.689684,4014.374,4256.0
20260729T182249_bf16_eager,bf16_eager,417,63.244385,63.281847,4014.374,4256.0
20260729T182249_bf16_eager,bf16_eager,418,63.712257,63.74989,4014.374,4256.0
20260729T182249_bf16_eager,bf16_eager,419,61.085697,61.117462,4014.374,4256.0
20260729T182249_bf16_eager,bf16_eager,420,60.50816,60.537992,4014.374,4256.0
20260729T182249_bf16_eager,bf16_eager,421,60.51123,60.54215,4014.374,4256.0
20260729T182249_bf16_eager,bf16_eager,422,60.322815,60.353348,4014.374,4256.0
20260729T182249_bf16_eager,bf16_eager,423,62.821377,62.85424,4014.374,4256.0
20260729T182249_bf16_eager,bf16_eager,424,60.91571,60.946733,4014.374,4256.0
20260729T182249_bf16_eager,bf16_eager,425,61.16864,61.200827,4014.374,4256.0
20260729T182249_bf16_eager,bf16_eager,426,60.361729,60.394143,4014.374,4256.0
20260729T182249_bf16_eager,bf16_eager,427,60.869633,60.90184,4014.374,4256.0
20260729T182249_bf16_eager,bf16_eager,428,60.548096,60.578758,4014.374,4256.0
20260729T182249_bf16_eager,bf16_eager,429,60.821503,60.853119,4014.374,4256.0
20260729T182249_bf16_eager,bf16_eager,430,61.343742,61.375042,4014.374,4256.0
20260729T182249_bf16_eager,bf16_eager,431,60.68224,60.716505,4014.374,4256.0
20260729T182249_bf16_eager,bf16_eager,432,61.394943,61.424285,4014.374,4256.0
20260729T182249_bf16_eager,bf16_eager,433,60.627968,60.656763,4014.374,4256.0
20260729T182249_bf16_eager,bf16_eager,434,60.856319,60.885109,4014.374,4256.0
20260729T182249_bf16_eager,bf16_eager,435,60.887039,60.914354,4014.374,4256.0
20260729T182249_bf16_eager,bf16_eager,436,60.485504,60.512434,4014.374,4256.0
20260729T182249_bf16_eager,bf16_eager,437,60.96384,60.991528,4014.374,4256.0
20260729T182249_bf16_eager,bf16_eager,438,60.487488,60.51502,4014.374,4256.0
20260729T182249_bf16_eager,bf16_eager,439,61.179871,61.2071,4014.374,4256.0
20260729T182249_bf16_eager,bf16_eager,440,61.947903,61.983787,4014.374,4256.0
20260729T182249_bf16_eager,bf16_eager,441,61.192192,61.224973,4014.374,4256.0
20260729T182249_bf16_eager,bf16_eager,442,60.499969,60.534025,4014.374,4256.0
20260729T182249_bf16_eager,bf16_eager,443,60.766209,60.855694,4014.374,4256.0
20260729T182249_bf16_eager,bf16_eager,444,60.850079,60.880782,4014.374,4256.0
20260729T182249_bf16_eager,bf16_eager,445,61.070335,61.100652,4014.374,4256.0
20260729T182249_bf16_eager,bf16_eager,446,60.578815,60.605378,4014.374,4256.0
20260729T182249_bf16_eager,bf16_eager,447,60.752991,60.777589,4014.374,4256.0
20260729T182249_bf16_eager,bf16_eager,448,60.434433,60.459246,4014.374,4256.0
20260729T182249_bf16_eager,bf16_eager,449,61.023232,61.050658,4014.374,4256.0
20260729T182249_bf16_eager,bf16_eager,450,61.284447,61.313639,4014.374,4256.0
20260729T182249_bf16_eager,bf16_eager,451,60.925953,60.950662,4014.374,4256.0
20260729T182249_bf16_eager,bf16_eager,452,60.366848,60.394865,4014.374,4256.0
20260729T182249_bf16_eager,bf16_eager,453,60.593151,60.625105,4014.374,4256.0
20260729T182249_bf16_eager,bf16_eager,454,61.290497,61.323006,4014.374,4256.0
20260729T182249_bf16_eager,bf16_eager,455,60.548096,60.640924,4014.374,4256.0
20260729T182249_bf16_eager,bf16_eager,456,61.457409,61.489015,4014.374,4256.0
20260729T182249_bf16_eager,bf16_eager,457,61.466625,61.499344,4014.374,4256.0
20260729T182249_bf16_eager,bf16_eager,458,64.545792,64.584787,4014.374,4256.0
20260729T182249_bf16_eager,bf16_eager,459,67.245056,67.286544,4014.374,4256.0
20260729T182249_bf16_eager,bf16_eager,460,74.046463,74.087263,4014.374,4256.0
20260729T182249_bf16_eager,bf16_eager,461,65.158142,65.196027,4014.374,4256.0
20260729T182249_bf16_eager,bf16_eager,462,60.385281,60.415765,4014.374,4256.0
20260729T182249_bf16_eager,bf16_eager,463,61.85984,61.903418,4014.374,4256.0
20260729T182249_bf16_eager,bf16_eager,464,60.578815,60.609205,4014.374,4256.0
20260729T182249_bf16_eager,bf16_eager,465,60.313599,60.344391,4014.374,4256.0
20260729T182249_bf16_eager,bf16_eager,466,61.223934,61.254869,4014.374,4256.0
20260729T182249_bf16_eager,bf16_eager,467,60.378113,60.40765,4014.374,4256.0
20260729T182249_bf16_eager,bf16_eager,468,61.052929,61.084221,4014.374,4256.0
20260729T182249_bf16_eager,bf16_eager,469,60.981247,61.0141,4014.374,4256.0
20260729T182249_bf16_eager,bf16_eager,470,61.154305,61.185549,4014.374,4256.0
20260729T182249_bf16_eager,bf16_eager,471,60.81741,60.849453,4014.374,4256.0
20260729T182249_bf16_eager,bf16_eager,472,60.766048,60.79414,4014.374,4256.0
20260729T182249_bf16_eager,bf16_eager,473,62.355457,62.396047,4014.374,4256.0
20260729T182249_bf16_eager,bf16_eager,474,61.630463,61.660356,4014.374,4256.0
20260729T182249_bf16_eager,bf16_eager,475,60.918846,60.948248,4014.374,4256.0
20260729T182249_bf16_eager,bf16_eager,476,60.33408,60.368437,4014.374,4256.0
20260729T182249_bf16_eager,bf16_eager,477,60.175362,60.202257,4014.374,4256.0
20260729T182249_bf16_eager,bf16_eager,478,60.3904,60.417157,4014.374,4256.0
20260729T182249_bf16_eager,bf16_eager,479,60.260353,60.286625,4014.374,4256.0
20260729T182249_bf16_eager,bf16_eager,480,60.307457,60.339332,4014.374,4256.0
20260729T182249_bf16_eager,bf16_eager,481,60.310528,60.34291,4014.374,4256.0
20260729T182249_bf16_eager,bf16_eager,482,60.778496,60.812084,4014.374,4256.0
20260729T182249_bf16_eager,bf16_eager,483,60.434433,60.46652,4014.374,4256.0
20260729T182249_bf16_eager,bf16_eager,484,61.253632,61.283683,4014.374,4256.0
20260729T182249_bf16_eager,bf16_eager,485,60.546047,60.573549,4014.374,4256.0
20260729T182249_bf16_eager,bf16_eager,486,60.50816,60.535017,4014.374,4256.0
20260729T182249_bf16_eager,bf16_eager,487,60.210114,60.23639,4014.374,4256.0
20260729T182249_bf16_eager,bf16_eager,488,60.441601,60.467742,4014.374,4256.0
20260729T182249_bf16_eager,bf16_eager,489,60.635136,60.661444,4014.374,4256.0
20260729T182249_bf16_eager,bf16_eager,490,60.665855,60.691629,4014.374,4256.0
20260729T182249_bf16_eager,bf16_eager,491,60.302338,60.329474,4014.374,4256.0
20260729T182249_bf16_eager,bf16_eager,492,60.188671,60.214009,4014.374,4256.0
20260729T182249_bf16_eager,bf16_eager,493,60.760063,60.792388,4014.374,4256.0
20260729T182249_bf16_eager,bf16_eager,494,60.343296,60.376933,4014.374,4256.0
20260729T182249_bf16_eager,bf16_eager,495,60.336128,60.368959,4014.374,4256.0
20260729T182249_bf16_eager,bf16_eager,496,60.363777,60.395127,4014.374,4256.0
20260729T182249_bf16_eager,bf16_eager,497,60.769279,60.800423,4014.374,4256.0
20260729T182249_bf16_eager,bf16_eager,498,62.178303,62.212115,4014.374,4256.0
20260729T182249_bf16_eager,bf16_eager,499,66.074623,66.13074,4014.374,4256.0
20260729T182249_bf16_eager,bf16_eager,500,63.16851,63.209564,4014.374,4256.0
20260729T182249_bf16_eager,bf16_eager,501,61.253632,61.287611,4014.374,4256.0
20260729T182249_bf16_eager,bf16_eager,502,60.455936,60.488661,4014.374,4256.0
20260729T182249_bf16_eager,bf16_eager,503,60.790783,60.823656,4014.374,4256.0
20260729T182249_bf16_eager,bf16_eager,504,60.543903,60.574391,4014.374,4256.0
20260729T182249_bf16_eager,bf16_eager,505,60.883968,60.914055,4014.374,4256.0
20260729T182249_bf16_eager,bf16_eager,506,60.791809,60.823866,4014.374,4256.0
20260729T182249_bf16_eager,bf16_eager,507,60.56448,60.595631,4014.374,4256.0
20260729T182249_bf16_eager,bf16_eager,508,60.668926,60.699465,4014.374,4256.0
20260729T182249_bf16_eager,bf16_eager,509,60.515327,60.546299,4014.374,4256.0
20260729T182249_bf16_eager,bf16_eager,510,60.357632,60.387753,4014.374,4256.0
20260729T182249_bf16_eager,bf16_eager,511,60.255234,60.287236,4014.374,4256.0
20260729T182249_bf16_eager,bf16_eager,512,60.723103,60.754227,4014.374,4256.0
20260729T182249_bf16_eager,bf16_eager,513,60.496895,60.524408,4014.374,4256.0
20260729T182249_bf16_eager,bf16_eager,514,60.337151,60.364901,4014.374,4256.0
20260729T182249_bf16_eager,bf16_eager,515,60.312576,60.340756,4014.374,4256.0
20260729T182249_bf16_eager,bf16_eager,516,60.309505,60.339664,4014.374,4256.0
20260729T182249_bf16_eager,bf16_eager,517,60.35968,60.386982,4014.374,4256.0
20260729T182249_bf16_eager,bf16_eager,518,60.531712,60.559444,4014.374,4256.0
20260729T182249_bf16_eager,bf16_eager,519,60.552193,60.582206,4014.374,4256.0
20260729T182249_bf16_eager,bf16_eager,520,60.482559,60.5149,4014.374,4256.0
20260729T182249_bf16_eager,bf16_eager,521,60.979198,61.011236,4014.374,4256.0
20260729T182249_bf16_eager,bf16_eager,522,60.701694,60.74007,4014.374,4256.0
20260729T182249_bf16_eager,bf16_eager,523,61.902847,61.936541,4014.374,4256.0
20260729T182249_bf16_eager,bf16_eager,524,60.479488,60.510061,4014.374,4256.0
20260729T182249_bf16_eager,bf16_eager,525,60.645374,60.676121,4014.374,4256.0
20260729T182249_bf16_eager,bf16_eager,526,60.226559,60.253844,4014.374,4256.0
20260729T182249_bf16_eager,bf16_eager,527,60.183552,60.210373,4014.374,4256.0
20260729T182249_bf16_eager,bf16_eager,528,60.49168,60.516714,4014.374,4256.0
20260729T182249_bf16_eager,bf16_eager,529,60.184479,60.209351,4014.374,4256.0
20260729T182249_bf16_eager,bf16_eager,530,60.312576,60.341357,4014.374,4256.0
20260729T182249_bf16_eager,bf16_eager,531,60.077057,60.103544,4014.374,4256.0
20260729T182249_bf16_eager,bf16_eager,532,60.239872,60.266518,4014.374,4256.0
20260729T182249_bf16_eager,bf16_eager,533,60.260353,60.291164,4014.374,4256.0
20260729T182249_bf16_eager,bf16_eager,534,61.775871,61.808623,4014.374,4256.0
20260729T182249_bf16_eager,bf16_eager,535,60.64333,60.675771,4014.374,4256.0
20260729T182249_bf16_eager,bf16_eager,536,60.700672,60.731916,4014.374,4256.0
20260729T182249_bf16_eager,bf16_eager,537,60.93005,60.960732,4014.374,4256.0
20260729T182249_bf16_eager,bf16_eager,538,60.548096,60.584541,4014.374,4256.0
20260729T182249_bf16_eager,bf16_eager,539,64.248833,64.287094,4014.374,4256.0
20260729T182249_bf16_eager,bf16_eager,540,63.353855,63.387397,4014.374,4256.0
20260729T182249_bf16_eager,bf16_eager,541,60.879871,60.913554,4014.374,4256.0
20260729T182249_bf16_eager,bf16_eager,542,61.462528,61.496471,4014.374,4256.0
20260729T182249_bf16_eager,bf16_eager,543,61.456448,61.491552,4014.374,4256.0
20260729T182249_bf16_eager,bf16_eager,544,60.474369,60.506145,4014.374,4256.0
20260729T182249_bf16_eager,bf16_eager,545,60.399586,60.435724,4014.374,4256.0
20260729T182249_bf16_eager,bf16_eager,546,60.611584,60.64284,4014.374,4256.0
20260729T182249_bf16_eager,bf16_eager,547,60.554241,60.586265,4014.374,4256.0
20260729T182249_bf16_eager,bf16_eager,548,60.466175,60.49854,4014.374,4256.0
20260729T182249_bf16_eager,bf16_eager,549,60.562431,60.594791,4014.374,4256.0
20260729T182249_bf16_eager,bf16_eager,550,60.602367,60.633983,4014.374,4256.0
20260729T182249_bf16_eager,bf16_eager,551,60.414974,60.447556,4014.374,4256.0
20260729T182249_bf16_eager,bf16_eager,552,60.765182,60.796868,4014.374,4256.0
20260729T182249_bf16_eager,bf16_eager,553,60.838913,60.871576,4014.374,4256.0
20260729T182249_bf16_eager,bf16_eager,554,60.932095,60.962956,4014.374,4256.0
20260729T182249_bf16_eager,bf16_eager,555,60.54195,60.583019,4014.374,4256.0
20260729T182249_bf16_eager,bf16_eager,556,60.979198,61.013511,4014.374,4256.0
20260729T182249_bf16_eager,bf16_eager,557,61.384705,61.417585,4014.374,4256.0
20260729T182249_bf16_eager,bf16_eager,558,61.727745,61.760574,4014.374,4256.0
20260729T182249_bf16_eager,bf16_eager,559,61.807617,61.840914,4014.374,4256.0
20260729T182249_bf16_eager,bf16_eager,560,62.640129,62.674087,4014.374,4256.0
20260729T182249_bf16_eager,bf16_eager,561,60.694527,60.728149,4014.374,4256.0
20260729T182249_bf16_eager,bf16_eager,562,60.737473,60.771099,4014.374,4256.0
20260729T182249_bf16_eager,bf16_eager,563,60.687359,60.720946,4014.374,4256.0
20260729T182249_bf16_eager,bf16_eager,564,60.743679,60.77702,4014.374,4256.0
20260729T182249_bf16_eager,bf16_eager,565,60.588032,60.620569,4014.374,4256.0
20260729T182249_bf16_eager,bf16_eager,566,60.599297,60.632181,4014.374,4256.0
20260729T182249_bf16_eager,bf16_eager,567,60.727295,60.761652,4014.374,4256.0
20260729T182249_bf16_eager,bf16_eager,568,61.197311,61.231628,4014.374,4256.0
20260729T182249_bf16_eager,bf16_eager,569,60.403713,60.433911,4014.374,4256.0
20260729T182249_bf16_eager,bf16_eager,570,60.787712,60.819309,4014.374,4256.0
20260729T182249_bf16_eager,bf16_eager,571,60.779518,60.817455,4014.374,4256.0
20260729T182249_bf16_eager,bf16_eager,572,62.117889,62.152705,4014.374,4256.0
20260729T182249_bf16_eager,bf16_eager,573,60.654591,60.685811,4014.374,4256.0
20260729T182249_bf16_eager,bf16_eager,574,60.654591,60.689557,4014.374,4256.0
20260729T182249_bf16_eager,bf16_eager,575,61.048832,61.084374,4014.374,4256.0
20260729T182249_bf16_eager,bf16_eager,576,60.470272,60.50273,4014.374,4256.0
20260729T182249_bf16_eager,bf16_eager,577,62.141441,62.179886,4014.374,4256.0
20260729T182249_bf16_eager,bf16_eager,578,66.990082,67.031912,4014.374,4256.0
20260729T182249_bf16_eager,bf16_eager,579,68.981857,69.018405,4014.374,4256.0
20260729T182249_bf16_eager,bf16_eager,580,62.212097,62.248114,4014.374,4256.0
20260729T182249_bf16_eager,bf16_eager,581,61.614143,61.647273,4014.374,4256.0
20260729T182249_bf16_eager,bf16_eager,582,60.615681,60.652128,4014.374,4256.0
20260729T182249_bf16_eager,bf16_eager,583,64.957535,65.000355,4014.374,4256.0
20260729T182249_bf16_eager,bf16_eager,584,62.190594,62.226984,4014.374,4256.0
20260729T182249_bf16_eager,bf16_eager,585,60.696575,60.729703,4014.374,4256.0
20260729T182249_bf16_eager,bf16_eager,586,60.702656,60.734371,4014.374,4256.0
20260729T182249_bf16_eager,bf16_eager,587,60.751873,60.783413,4014.374,4256.0
20260729T182249_bf16_eager,bf16_eager,588,60.442623,60.474006,4014.374,4256.0
20260729T182249_bf16_eager,bf16_eager,589,60.563519,60.594601,4014.374,4256.0
20260729T182249_bf16_eager,bf16_eager,590,60.297184,60.327443,4014.374,4256.0
20260729T182249_bf16_eager,bf16_eager,591,60.384254,60.41663,4014.374,4256.0
20260729T182249_bf16_eager,bf16_eager,592,60.619778,60.650105,4014.374,4256.0
20260729T182249_bf16_eager,bf16_eager,593,60.933121,60.960002,4014.374,4256.0
20260729T182249_bf16_eager,bf16_eager,594,60.410881,60.43867,4014.374,4256.0
20260729T182249_bf16_eager,bf16_eager,595,60.338177,60.369251,4014.374,4256.0
20260729T182249_bf16_eager,bf16_eager,596,60.721153,60.750852,4014.374,4256.0
20260729T182249_bf16_eager,bf16_eager,597,60.600319,60.627683,4014.374,4256.0
20260729T182249_bf16_eager,bf16_eager,598,60.405762,60.433761,4014.374,4256.0
20260729T182249_bf16_eager,bf16_eager,599,60.264576,60.290995,4014.374,4256.0
20260729T182249_bf16_eager,bf16_eager,600,60.647423,60.67975,4014.374,4256.0
20260729T182249_bf16_eager,bf16_eager,601,60.655617,60.687925,4014.374,4256.0
20260729T182249_bf16_eager,bf16_eager,602,60.90752,60.941498,4014.374,4256.0
20260729T182249_bf16_eager,bf16_eager,603,60.553215,60.588019,4014.374,4256.0
20260729T182249_bf16_eager,bf16_eager,604,60.639233,60.670403,4014.374,4256.0
20260729T182249_bf16_eager,bf16_eager,605,60.355583,60.388256,4014.374,4256.0
20260729T182249_bf16_eager,bf16_eager,606,60.45491,60.482733,4014.374,4256.0
20260729T182249_bf16_eager,bf16_eager,607,60.253185,60.285275,4014.374,4256.0
20260729T182249_bf16_eager,bf16_eager,608,60.841984,60.869845,4014.374,4256.0
20260729T182249_bf16_eager,bf16_eager,609,60.453888,60.480248,4014.374,4256.0
20260729T182249_bf16_eager,bf16_eager,610,60.418049,60.444041,4014.374,4256.0
20260729T182249_bf16_eager,bf16_eager,611,60.201984,60.23414,4014.374,4256.0
20260729T182249_bf16_eager,bf16_eager,612,61.062145,61.098351,4014.374,4256.0
20260729T182249_bf16_eager,bf16_eager,613,63.196064,63.228932,4014.374,4256.0
20260729T182249_bf16_eager,bf16_eager,614,61.705215,61.74175,4014.374,4256.0
20260729T182249_bf16_eager,bf16_eager,615,60.596256,60.629236,4014.374,4256.0
20260729T182249_bf16_eager,bf16_eager,616,60.484608,60.515795,4014.374,4256.0
20260729T182249_bf16_eager,bf16_eager,617,61.209633,61.241006,4014.374,4256.0
20260729T182249_bf16_eager,bf16_eager,618,60.395519,60.425176,4014.374,4256.0
20260729T182249_bf16_eager,bf16_eager,619,60.729343,60.758427,4014.374,4256.0
20260729T182249_bf16_eager,bf16_eager,620,61.712383,61.743714,4014.374,4256.0
20260729T182249_bf16_eager,bf16_eager,621,60.436481,60.467684,4014.374,4256.0
20260729T182249_bf16_eager,bf16_eager,622,60.452866,60.484587,4014.374,4256.0
20260729T182249_bf16_eager,bf16_eager,623,60.481537,60.512559,4014.374,4256.0
20260729T182249_bf16_eager,bf16_eager,624,61.538303,61.573297,4014.374,4256.0
20260729T182249_bf16_eager,bf16_eager,625,60.650463,60.6846,4014.374,4256.0
20260729T182249_bf16_eager,bf16_eager,626,60.643265,60.675132,4014.374,4256.0
20260729T182249_bf16_eager,bf16_eager,627,60.799904,60.830672,4014.374,4256.0
20260729T182249_bf16_eager,bf16_eager,628,60.537792,60.569265,4014.374,4256.0
20260729T182249_bf16_eager,bf16_eager,629,60.600319,60.632833,4014.374,4256.0
20260729T182249_bf16_eager,bf16_eager,630,60.635136,60.667056,4014.374,4256.0
20260729T182249_bf16_eager,bf16_eager,631,60.806015,60.837896,4014.374,4256.0
20260729T182249_bf16_eager,bf16_eager,632,60.498943,60.52977,4014.374,4256.0
20260729T182249_bf16_eager,bf16_eager,633,60.654591,60.682496,4014.374,4256.0
20260729T182249_bf16_eager,bf16_eager,634,60.198914,60.227066,4014.374,4256.0
20260729T182249_bf16_eager,bf16_eager,635,60.269569,60.297358,4014.374,4256.0
20260729T182249_bf16_eager,bf16_eager,636,61.517822,61.549021,4014.374,4256.0
20260729T182249_bf16_eager,bf16_eager,637,60.5952,60.624618,4014.374,4256.0
20260729T182249_bf16_eager,bf16_eager,638,60.518398,60.547695,4014.374,4256.0
20260729T182249_bf16_eager,bf16_eager,639,60.514305,60.542665,4014.374,4256.0
20260729T182249_bf16_eager,bf16_eager,640,60.422146,60.45433,4014.374,4256.0
20260729T182249_bf16_eager,bf16_eager,641,60.64333,60.676004,4014.374,4256.0
20260729T182249_bf16_eager,bf16_eager,642,60.653568,60.699638,4014.374,4256.0
20260729T182249_bf16_eager,bf16_eager,643,62.711807,62.745683,4014.374,4256.0
20260729T182249_bf16_eager,bf16_eager,644,61.080578,61.111997,4014.374,4256.0
20260729T182249_bf16_eager,bf16_eager,645,60.478462,60.508692,4014.374,4256.0
20260729T182249_bf16_eager,bf16_eager,646,60.641281,60.668289,4014.374,4256.0
20260729T182249_bf16_eager,bf16_eager,647,60.300289,60.326773,4014.374,4256.0
20260729T182249_bf16_eager,bf16_eager,648,60.198914,60.225233,4014.374,4256.0
20260729T182249_bf16_eager,bf16_eager,649,60.312576,60.338314,4014.374,4256.0
20260729T182249_bf16_eager,bf16_eager,650,60.120064,60.145896,4014.374,4256.0
20260729T182249_bf16_eager,bf16_eager,651,60.24192,60.268834,4014.374,4256.0
20260729T182249_bf16_eager,bf16_eager,652,60.488705,60.515604,4014.374,4256.0
20260729T182249_bf16_eager,bf16_eager,653,60.87373,60.907064,4014.374,4256.0
20260729T182249_bf16_eager,bf16_eager,654,64.861183,64.89544,4014.374,4256.0
20260729T182249_bf16_eager,bf16_eager,655,61.839359,61.872234,4014.374,4256.0
20260729T182249_bf16_eager,bf16_eager,656,60.719105,60.751475,4014.374,4256.0
20260729T182249_bf16_eager,bf16_eager,657,60.895233,60.928215,4014.374,4256.0
20260729T182249_bf16_eager,bf16_eager,658,60.580864,60.612336,4014.374,4256.0
20260729T182249_bf16_eager,bf16_eager,659,60.354561,60.38434,4014.374,4256.0
20260729T182249_bf16_eager,bf16_eager,660,60.807167,60.837245,4014.374,4256.0
20260729T182249_bf16_eager,bf16_eager,661,60.670975,60.702524,4014.374,4256.0
20260729T182249_bf16_eager,bf16_eager,662,60.897282,60.928786,4014.374,4256.0
20260729T182249_bf16_eager,bf16_eager,663,60.805119,60.83495,4014.374,4256.0
20260729T182249_bf16_eager,bf16_eager,664,60.331009,60.361458,4014.374,4256.0
20260729T182249_bf16_eager,bf16_eager,665,60.496895,60.529371,4014.374,4256.0
20260729T182249_bf16_eager,bf16_eager,666,60.408833,60.441266,4014.374,4256.0
20260729T182249_bf16_eager,bf16_eager,667,60.461025,60.493474,4014.374,4256.0
20260729T182249_bf16_eager,bf16_eager,668,61.290497,61.324323,4014.374,4256.0
20260729T182249_bf16_eager,bf16_eager,669,62.924801,62.960082,4014.374,4256.0
20260729T182249_bf16_eager,bf16_eager,670,60.453888,60.487533,4014.374,4256.0
20260729T182249_bf16_eager,bf16_eager,671,60.855297,60.891105,4014.374,4256.0
20260729T182249_bf16_eager,bf16_eager,672,60.965889,60.998476,4014.374,4256.0
20260729T182249_bf16_eager,bf16_eager,673,60.633087,60.661037,4014.374,4256.0
20260729T182249_bf16_eager,bf16_eager,674,60.10675,60.133734,4014.374,4256.0
20260729T182249_bf16_eager,bf16_eager,675,60.496895,60.526616,4014.374,4256.0
20260729T182249_bf16_eager,bf16_eager,676,60.50304,60.535493,4014.374,4256.0
20260729T182249_bf16_eager,bf16_eager,677,60.781567,60.812188,4014.374,4256.0
20260729T182249_bf16_eager,bf16_eager,678,61.02528,61.053899,4014.374,4256.0
20260729T182249_bf16_eager,bf16_eager,679,60.522369,60.548697,4014.374,4256.0
20260729T182249_bf16_eager,bf16_eager,680,60.64333,60.674001,4014.374,4256.0
20260729T182249_bf16_eager,bf16_eager,681,60.531712,60.563715,4014.374,4256.0
20260729T182249_bf16_eager,bf16_eager,682,60.720127,60.752347,4014.374,4256.0
20260729T182249_bf16_eager,bf16_eager,683,60.540928,60.57184,4014.374,4256.0
20260729T182249_bf16_eager,bf16_eager,684,61.020161,61.050293,4014.374,4256.0
20260729T182249_bf16_eager,bf16_eager,685,60.35968,60.389981,4014.374,4256.0
20260729T182249_bf16_eager,bf16_eager,686,60.538879,60.567762,4014.374,4256.0
20260729T182249_bf16_eager,bf16_eager,687,60.349442,60.375565,4014.374,4256.0
20260729T182249_bf16_eager,bf16_eager,688,60.225536,60.251975,4014.374,4256.0
20260729T182249_bf16_eager,bf16_eager,689,60.342274,60.369063,4014.374,4256.0
20260729T182249_bf16_eager,bf16_eager,690,60.147713,60.174761,4014.374,4256.0
20260729T182249_bf16_eager,bf16_eager,691,60.336128,60.362089,4014.374,4256.0
20260729T182249_bf16_eager,bf16_eager,692,60.372993,60.398708,4014.374,4256.0
20260729T182249_bf16_eager,bf16_eager,693,60.562431,60.590085,4014.374,4256.0
20260729T182249_bf16_eager,bf16_eager,694,60.744705,60.775841,4014.374,4256.0
20260729T182249_bf16_eager,bf16_eager,695,60.631039,60.66261,4014.374,4256.0
20260729T182249_bf16_eager,bf16_eager,696,60.874752,60.906174,4014.374,4256.0
20260729T182249_bf16_eager,bf16_eager,697,60.387329,60.417523,4014.374,4256.0
20260729T182249_bf16_eager,bf16_eager,698,60.721153,60.751987,4014.374,4256.0
20260729T182249_bf16_eager,bf16_eager,699,60.619778,60.653342,4014.374,4256.0
20260729T182249_bf16_eager,bf16_eager,700,60.713985,60.753479,4014.374,4256.0
20260729T182249_bf16_eager,bf16_eager,701,66.788353,66.823086,4014.374,4256.0
20260729T182249_bf16_eager,bf16_eager,702,63.167488,63.200792,4014.374,4256.0
20260729T182249_bf16_eager,bf16_eager,703,60.547073,60.579314,4014.374,4256.0
20260729T182249_bf16_eager,bf16_eager,704,60.451839,60.483427,4014.374,4256.0
20260729T182249_bf16_eager,bf16_eager,705,60.603394,60.634728,4014.374,4256.0
20260729T182249_bf16_eager,bf16_eager,706,60.402687,60.435587,4014.374,4256.0
20260729T182249_bf16_eager,bf16_eager,707,60.765182,60.795798,4014.374,4256.0
20260729T182249_bf16_eager,bf16_eager,708,60.420097,60.451277,4014.374,4256.0
20260729T182249_bf16_eager,bf16_eager,709,60.543999,60.575388,4014.374,4256.0
20260729T182249_bf16_eager,bf16_eager,710,60.650497,60.681987,4014.374,4256.0
20260729T182249_bf16_eager,bf16_eager,711,60.446785,60.478587,4014.374,4256.0
20260729T182249_bf16_eager,bf16_eager,712,60.619778,60.658272,4014.374,4256.0
20260729T182249_bf16_eager,bf16_eager,713,60.647423,60.679722,4014.374,4256.0
20260729T182249_bf16_eager,bf16_eager,714,60.655487,60.687867,4014.374,4256.0
20260729T182249_bf16_eager,bf16_eager,715,60.563519,60.596267,4014.374,4256.0
20260729T182249_bf16_eager,bf16_eager,716,60.888065,60.91969,4014.374,4256.0
20260729T182249_bf16_eager,bf16_eager,717,60.846081,60.880767,4014.374,4256.0
20260729T182249_bf16_eager,bf16_eager,718,60.708862,60.741757,4014.374,4256.0
20260729T182249_bf16_eager,bf16_eager,719,60.725246,60.758319,4014.374,4256.0
20260729T182249_bf16_eager,bf16_eager,720,61.077503,61.186598,4014.374,4256.0
20260729T182249_bf16_eager,bf16_eager,721,60.294144,60.327506,4014.374,4256.0
20260729T182249_bf16_eager,bf16_eager,722,60.249088,60.281339,4014.374,4256.0
20260729T182249_bf16_eager,bf16_eager,723,60.453888,60.486993,4014.374,4256.0
20260729T182249_bf16_eager,bf16_eager,724,60.048386,60.081397,4014.374,4256.0
20260729T182249_bf16_eager,bf16_eager,725,61.040642,61.077645,4014.374,4256.0
20260729T182249_bf16_eager,bf16_eager,726,63.436798,63.470696,4014.374,4256.0
20260729T182249_bf16_eager,bf16_eager,727,60.471294,60.505848,4014.374,4256.0
20260729T182249_bf16_eager,bf16_eager,728,61.111298,61.145871,4014.374,4256.0
20260729T182249_bf16_eager,bf16_eager,729,61.100033,61.137045,4014.374,4256.0
20260729T182249_bf16_eager,bf16_eager,730,61.004673,61.037699,4014.374,4256.0
20260729T182249_bf16_eager,bf16_eager,731,60.922878,60.955927,4014.374,4256.0
20260729T182249_bf16_eager,bf16_eager,732,60.686337,60.720147,4014.374,4256.0
20260729T182249_bf16_eager,bf16_eager,733,60.761089,60.793154,4014.374,4256.0
20260729T182249_bf16_eager,bf16_eager,734,61.328384,61.360872,4014.374,4256.0
20260729T182249_bf16_eager,bf16_eager,735,61.601791,61.635494,4014.374,4256.0
20260729T182249_bf16_eager,bf16_eager,736,61.518848,61.553271,4014.374,4256.0
20260729T182249_bf16_eager,bf16_eager,737,61.001728,61.033753,4014.374,4256.0
20260729T182249_bf16_eager,bf16_eager,738,60.557312,60.588833,4014.374,4256.0
20260729T182249_bf16_eager,bf16_eager,739,60.254208,60.285358,4014.374,4256.0
20260729T182249_bf16_eager,bf16_eager,740,60.383232,60.413667,4014.374,4256.0
20260729T182249_bf16_eager,bf16_eager,741,60.645374,60.675705,4014.374,4256.0
20260729T182249_bf16_eager,bf16_eager,742,60.274689,60.307949,4014.374,4256.0
20260729T182249_bf16_eager,bf16_eager,743,60.578945,60.61344,4014.374,4256.0
20260729T182249_bf16_eager,bf16_eager,744,62.041088,62.074534,4014.374,4256.0
20260729T182249_bf16_eager,bf16_eager,745,63.775745,63.811452,4014.374,4256.0
20260729T182249_bf16_eager,bf16_eager,746,60.505089,60.536456,4014.374,4256.0
20260729T182249_bf16_eager,bf16_eager,747,60.566528,60.597359,4014.374,4256.0
20260729T182249_bf16_eager,bf16_eager,748,60.424191,60.455735,4014.374,4256.0
20260729T182249_bf16_eager,bf16_eager,749,60.756992,60.787945,4014.374,4256.0
20260729T182249_bf16_eager,bf16_eager,750,61.057022,61.088455,4014.374,4256.0
20260729T182249_bf16_eager,bf16_eager,751,60.996609,61.028854,4014.374,4256.0
20260729T182249_bf16_eager,bf16_eager,752,61.493248,61.523185,4014.374,4256.0
20260729T182249_bf16_eager,bf16_eager,753,60.603394,60.630341,4014.374,4256.0
20260729T182249_bf16_eager,bf16_eager,754,60.494846,60.522099,4014.374,4256.0
20260729T182249_bf16_eager,bf16_eager,755,60.132351,60.160746,4014.374,4256.0
20260729T182249_bf16_eager,bf16_eager,756,60.428288,60.46325,4014.374,4256.0
20260729T182249_bf16_eager,bf16_eager,757,60.81741,60.850401,4014.374,4256.0
20260729T182249_bf16_eager,bf16_eager,758,60.435455,60.461606,4014.374,4256.0
20260729T182249_bf16_eager,bf16_eager,759,60.423168,60.456107,4014.374,4256.0
20260729T182249_bf16_eager,bf16_eager,760,60.451839,60.482576,4014.374,4256.0
20260729T182249_bf16_eager,bf16_eager,761,60.969982,61.002235,4014.374,4256.0
20260729T182249_bf16_eager,bf16_eager,762,60.450817,60.48493,4014.374,4256.0
20260729T182249_bf16_eager,bf16_eager,763,61.885406,61.919124,4014.374,4256.0
20260729T182249_bf16_eager,bf16_eager,764,63.377407,63.411656,4014.374,4256.0
20260729T182249_bf16_eager,bf16_eager,765,66.788353,66.820994,4014.374,4256.0
20260729T182249_bf16_eager,bf16_eager,766,65.854462,65.945681,4014.374,4256.0
20260729T182249_bf16_eager,bf16_eager,767,61.746178,61.842892,4014.374,4256.0
20260729T182249_bf16_eager,bf16_eager,768,61.152256,61.180347,4014.374,4256.0
20260729T182249_bf16_eager,bf16_eager,769,61.252609,61.282939,4014.374,4256.0
20260729T182249_bf16_eager,bf16_eager,770,60.922878,60.953664,4014.374,4256.0
20260729T182249_bf16_eager,bf16_eager,771,60.602367,60.62945,4014.374,4256.0
20260729T182249_bf16_eager,bf16_eager,772,60.490753,60.51685,4014.374,4256.0
20260729T182249_bf16_eager,bf16_eager,773,60.470272,60.496272,4014.374,4256.0
20260729T182249_bf16_eager,bf16_eager,774,60.409855,60.440437,4014.374,4256.0
20260729T182249_bf16_eager,bf16_eager,775,60.639233,60.671519,4014.374,4256.0
20260729T182249_bf16_eager,bf16_eager,776,60.54195,60.573936,4014.374,4256.0
20260729T182249_bf16_eager,bf16_eager,777,60.865505,60.895716,4014.374,4256.0
20260729T182249_bf16_eager,bf16_eager,778,60.314625,60.346893,4014.374,4256.0
20260729T182249_bf16_eager,bf16_eager,779,60.694527,60.723585,4014.374,4256.0
20260729T182249_bf16_eager,bf16_eager,780,60.536831,60.567444,4014.374,4256.0
20260729T182249_bf16_eager,bf16_eager,781,60.878849,60.90843,4014.374,4256.0
20260729T182249_bf16_eager,bf16_eager,782,60.679169,60.711092,4014.374,4256.0
20260729T182249_bf16_eager,bf16_eager,783,60.836864,60.866262,4014.374,4256.0
20260729T182249_bf16_eager,bf16_eager,784,60.623871,60.654256,4014.374,4256.0
20260729T182249_bf16_eager,bf16_eager,785,60.78669,60.818082,4014.374,4256.0
20260729T182249_bf16_eager,bf16_eager,786,60.663807,60.696795,4014.374,4256.0
20260729T182249_bf16_eager,bf16_eager,787,60.914688,60.951591,4014.374,4256.0
20260729T182249_bf16_eager,bf16_eager,788,61.534206,61.569452,4014.374,4256.0
20260729T182249_bf16_eager,bf16_eager,789,60.962814,60.993389,4014.374,4256.0
20260729T182249_bf16_eager,bf16_eager,790,60.658688,60.690283,4014.374,4256.0
20260729T182249_bf16_eager,bf16_eager,791,60.861439,60.892742,4014.374,4256.0
20260729T182249_bf16_eager,bf16_eager,792,60.537857,60.57024,4014.374,4256.0
20260729T182249_bf16_eager,bf16_eager,793,60.750847,60.78511,4014.374,4256.0
20260729T182249_bf16_eager,bf16_eager,794,60.442623,60.469271,4014.374,4256.0
20260729T182249_bf16_eager,bf16_eager,795,60.555264,60.583915,4014.374,4256.0
20260729T182249_bf16_eager,bf16_eager,796,60.490719,60.519606,4014.374,4256.0
20260729T182249_bf16_eager,bf16_eager,797,60.490753,60.517942,4014.374,4256.0
20260729T182249_bf16_eager,bf16_eager,798,60.579842,60.60761,4014.374,4256.0
20260729T182249_bf16_eager,bf16_eager,799,60.452866,60.481164,4014.374,4256.0
20260729T182249_bf16_eager,bf16_eager,800,60.596161,60.624391,4014.374,4256.0
20260729T182249_bf16_eager,bf16_eager,801,60.386303,60.416493,4014.374,4256.0
20260729T182249_bf16_eager,bf16_eager,802,60.597248,60.630312,4014.374,4256.0
20260729T182249_bf16_eager,bf16_eager,803,60.676098,60.713357,4014.374,4256.0
20260729T182249_bf16_eager,bf16_eager,804,60.584896,60.616056,4014.374,4256.0
20260729T182249_bf16_eager,bf16_eager,805,60.693504,60.724117,4014.374,4256.0
20260729T182249_bf16_eager,bf16_eager,806,60.615681,60.644308,4014.374,4256.0
20260729T182249_bf16_eager,bf16_eager,807,60.537857,60.566123,4014.374,4256.0
20260729T182249_bf16_eager,bf16_eager,808,60.233727,60.261144,4014.374,4256.0
20260729T182249_bf16_eager,bf16_eager,809,60.550274,60.576922,4014.374,4256.0
20260729T182249_bf16_eager,bf16_eager,810,60.400639,60.427023,4014.374,4256.0
20260729T182249_bf16_eager,bf16_eager,811,60.521473,60.548229,4014.374,4256.0
20260729T182249_bf16_eager,bf16_eager,812,60.257278,60.283446,4014.374,4256.0
20260729T182249_bf16_eager,bf16_eager,813,60.68224,60.708879,4014.374,4256.0
20260729T182249_bf16_eager,bf16_eager,814,60.3904,60.422514,4014.374,4256.0
20260729T182249_bf16_eager,bf16_eager,815,61.063168,61.095039,4014.374,4256.0
20260729T182249_bf16_eager,bf16_eager,816,60.670975,60.702607,4014.374,4256.0
20260729T182249_bf16_eager,bf16_eager,817,60.807167,60.837979,4014.374,4256.0
20260729T182249_bf16_eager,bf16_eager,818,60.515327,60.544783,4014.374,4256.0
20260729T182249_bf16_eager,bf16_eager,819,60.787712,60.82203,4014.374,4256.0
20260729T182249_bf16_eager,bf16_eager,820,66.259972,66.311555,4014.374,4256.0
20260729T182249_bf16_eager,bf16_eager,821,64.884766,64.924889,4014.374,4256.0
20260729T182249_bf16_eager,bf16_eager,822,60.304382,60.335874,4014.374,4256.0
20260729T182249_bf16_eager,bf16_eager,823,60.675072,60.705533,4014.374,4256.0
20260729T182249_bf16_eager,bf16_eager,824,60.746754,60.777998,4014.374,4256.0
20260729T182249_bf16_eager,bf16_eager,825,60.645374,60.676579,4014.374,4256.0
20260729T182249_bf16_eager,bf16_eager,826,60.842911,60.873846,4014.374,4256.0
20260729T182249_bf16_eager,bf16_eager,827,60.691456,60.724178,4014.374,4256.0
20260729T182249_bf16_eager,bf16_eager,828,60.87373,60.903913,4014.374,4256.0
20260729T182249_bf16_eager,bf16_eager,829,60.613632,60.645581,4014.374,4256.0
20260729T182249_bf16_eager,bf16_eager,830,60.705791,60.737963,4014.374,4256.0
20260729T182249_bf16_eager,bf16_eager,831,60.654591,60.685866,4014.374,4256.0
20260729T182249_bf16_eager,bf16_eager,832,60.77235,60.804808,4014.374,4256.0
20260729T182249_bf16_eager,bf16_eager,833,60.61261,60.643166,4014.374,4256.0
20260729T182249_bf16_eager,bf16_eager,834,60.862465,60.89154,4014.374,4256.0
20260729T182249_bf16_eager,bf16_eager,835,60.682209,60.713548,4014.374,4256.0
20260729T182249_bf16_eager,bf16_eager,836,60.725246,60.755867,4014.374,4256.0
20260729T182249_bf16_eager,bf16_eager,837,60.236801,60.264421,4014.374,4256.0
20260729T182249_bf16_eager,bf16_eager,838,60.483585,60.514076,4014.374,4256.0
20260729T182249_bf16_eager,bf16_eager,839,60.489727,60.518284,4014.374,4256.0
20260729T182249_bf16_eager,bf16_eager,840,60.810207,60.83779,4014.374,4256.0
20260729T182249_bf16_eager,bf16_eager,841,60.511295,60.544102,4014.374,4256.0
20260729T182249_bf16_eager,bf16_eager,842,60.920834,60.954057,4014.374,4256.0
20260729T182249_bf16_eager,bf16_eager,843,60.596226,60.632307,4014.374,4256.0
20260729T182249_bf16_eager,bf16_eager,844,60.906494,60.938076,4014.374,4256.0
20260729T182249_bf16_eager,bf16_eager,845,60.792767,60.824956,4014.374,4256.0
20260729T182249_bf16_eager,bf16_eager,846,60.69965,60.729728,4014.374,4256.0
20260729T182249_bf16_eager,bf16_eager,847,60.656639,60.683612,4014.374,4256.0
20260729T182249_bf16_eager,bf16_eager,848,60.269569,60.29612,4014.374,4256.0
20260729T182249_bf16_eager,bf16_eager,849,60.51952,60.546036,4014.374,4256.0
20260729T182249_bf16_eager,bf16_eager,850,60.427265,60.453213,4014.374,4256.0
20260729T182249_bf16_eager,bf16_eager,851,60.466209,60.491805,4014.374,4256.0
20260729T182249_bf16_eager,bf16_eager,852,60.231682,60.268598,4014.374,4256.0
20260729T182249_bf16_eager,bf16_eager,853,70.439964,70.48137,4014.374,4256.0
20260729T182249_bf16_eager,bf16_eager,854,63.937534,63.974749,4014.374,4256.0
20260729T182249_bf16_eager,bf16_eager,855,61.284351,61.319478,4014.374,4256.0
20260729T182249_bf16_eager,bf16_eager,856,62.273537,62.306859,4014.374,4256.0
20260729T182249_bf16_eager,bf16_eager,857,60.680191,60.714129,4014.374,4256.0
20260729T182249_bf16_eager,bf16_eager,858,62.372799,62.405843,4014.374,4256.0
20260729T182249_bf16_eager,bf16_eager,859,60.456959,60.489791,4014.374,4256.0
20260729T182249_bf16_eager,bf16_eager,860,61.72467,61.758597,4014.374,4256.0
20260729T182249_bf16_eager,bf16_eager,861,61.301762,61.333675,4014.374,4256.0
20260729T182249_bf16_eager,bf16_eager,862,61.320095,61.353121,4014.374,4256.0
20260729T182249_bf16_eager,bf16_eager,863,60.843937,60.882493,4014.374,4256.0
20260729T182249_bf16_eager,bf16_eager,864,60.637184,60.67728,4014.374,4256.0
20260729T182249_bf16_eager,bf16_eager,865,61.812702,61.850849,4014.374,4256.0
20260729T182249_bf16_eager,bf16_eager,866,61.591553,61.630569,4014.374,4256.0
20260729T182249_bf16_eager,bf16_eager,867,62.248959,62.287633,4014.374,4256.0
20260729T182249_bf16_eager,bf16_eager,868,61.247486,61.282018,4014.374,4256.0
20260729T182249_bf16_eager,bf16_eager,869,61.77792,61.810494,4014.374,4256.0
20260729T182249_bf16_eager,bf16_eager,870,60.557217,60.589457,4014.374,4256.0
20260729T182249_bf16_eager,bf16_eager,871,60.534782,60.565493,4014.374,4256.0
20260729T182249_bf16_eager,bf16_eager,872,63.035393,63.073478,4014.374,4256.0
20260729T182249_bf16_eager,bf16_eager,873,60.694656,60.729648,4014.374,4256.0
20260729T182249_bf16_eager,bf16_eager,874,60.698689,60.732665,4014.374,4256.0
20260729T182249_bf16_eager,bf16_eager,875,62.26944,62.302261,4014.374,4256.0
20260729T182249_bf16_eager,bf16_eager,876,60.663807,60.696637,4014.374,4256.0
20260729T182249_bf16_eager,bf16_eager,877,60.661758,60.698781,4014.374,4256.0
20260729T182249_bf16_eager,bf16_eager,878,60.806145,60.839163,4014.374,4256.0
20260729T182249_bf16_eager,bf16_eager,879,60.519295,60.551036,4014.374,4256.0
20260729T182249_bf16_eager,bf16_eager,880,61.000706,61.034577,4014.374,4256.0
20260729T182249_bf16_eager,bf16_eager,881,61.480961,61.51893,4014.374,4256.0
20260729T182249_bf16_eager,bf16_eager,882,60.905472,60.940502,4014.374,4256.0
20260729T182249_bf16_eager,bf16_eager,883,60.823551,60.857046,4014.374,4256.0
20260729T182249_bf16_eager,bf16_eager,884,61.063168,61.095401,4014.374,4256.0
20260729T182249_bf16_eager,bf16_eager,885,60.616577,60.651383,4014.374,4256.0
20260729T182249_bf16_eager,bf16_eager,886,60.87059,60.903203,4014.374,4256.0
20260729T182249_bf16_eager,bf16_eager,887,60.767231,60.801513,4014.374,4256.0
20260729T182249_bf16_eager,bf16_eager,888,61.543423,61.584072,4014.374,4256.0
20260729T182249_bf16_eager,bf16_eager,889,61.901825,61.937,4014.374,4256.0
20260729T182249_bf16_eager,bf16_eager,890,61.083649,61.11623,4014.374,4256.0
20260729T182249_bf16_eager,bf16_eager,891,61.827072,61.859757,4014.374,4256.0
20260729T182249_bf16_eager,bf16_eager,892,60.787712,60.82154,4014.374,4256.0
20260729T182249_bf16_eager,bf16_eager,893,64.184227,64.219777,4014.374,4256.0
20260729T182249_bf16_eager,bf16_eager,894,64.840706,64.876221,4014.374,4256.0
20260729T182249_bf16_eager,bf16_eager,895,62.361534,62.396537,4014.374,4256.0
20260729T182249_bf16_eager,bf16_eager,896,61.849503,61.882609,4014.374,4256.0
20260729T182249_bf16_eager,bf16_eager,897,68.594688,68.629538,4014.374,4256.0
20260729T182249_bf16_eager,bf16_eager,898,64.817154,64.852005,4014.374,4256.0
20260729T182249_bf16_eager,bf16_eager,899,61.737984,61.782883,4014.374,4256.0
20260729T182249_bf16_eager,bf16_eager,900,61.252609,61.288933,4014.374,4256.0
20260729T182249_bf16_eager,bf16_eager,901,60.758015,60.797516,4014.374,4256.0
20260729T182249_bf16_eager,bf16_eager,902,60.773376,60.807003,4014.374,4256.0
20260729T182249_bf16_eager,bf16_eager,903,60.901375,60.934412,4014.374,4256.0
20260729T182249_bf16_eager,bf16_eager,904,60.546047,60.585271,4014.374,4256.0
20260729T182249_bf16_eager,bf16_eager,905,61.026402,61.060927,4014.374,4256.0
20260729T182249_bf16_eager,bf16_eager,906,60.648449,60.680057,4014.374,4256.0
20260729T182249_bf16_eager,bf16_eager,907,60.73856,60.775555,4014.374,4256.0
20260729T182249_bf16_eager,bf16_eager,908,60.755966,60.789571,4014.374,4256.0
20260729T182249_bf16_eager,bf16_eager,909,60.848129,60.88007,4014.374,4256.0
20260729T182249_bf16_eager,bf16_eager,910,60.529793,60.564301,4014.374,4256.0
20260729T182249_bf16_eager,bf16_eager,911,60.790783,60.824115,4014.374,4256.0
20260729T182249_bf16_eager,bf16_eager,912,60.838913,60.870783,4014.374,4256.0
20260729T182249_bf16_eager,bf16_eager,913,60.928001,60.956011,4014.374,4256.0
20260729T182249_bf16_eager,bf16_eager,914,60.70784,60.736813,4014.374,4256.0
20260729T182249_bf16_eager,bf16_eager,915,61.975552,62.003425,4014.374,4256.0
20260729T182249_bf16_eager,bf16_eager,916,63.37952,63.407983,4014.374,4256.0
20260729T182249_bf16_eager,bf16_eager,917,63.355904,63.387285,4014.374,4256.0
20260729T182249_bf16_eager,bf16_eager,918,66.19648,66.223353,4014.374,4256.0
20260729T182249_bf16_eager,bf16_eager,919,61.916161,61.94725,4014.374,4256.0
20260729T182249_bf16_eager,bf16_eager,920,60.785664,60.813827,4014.374,4256.0
20260729T182249_bf16_eager,bf16_eager,921,60.823616,60.856225,4014.374,4256.0
20260729T182249_bf16_eager,bf16_eager,922,61.468674,61.501118,4014.374,4256.0
20260729T182249_bf16_eager,bf16_eager,923,60.746754,60.775075,4014.374,4256.0
20260729T182249_bf16_eager,bf16_eager,924,60.460033,60.494571,4014.374,4256.0
20260729T182249_bf16_eager,bf16_eager,925,61.272064,61.304772,4014.374,4256.0
20260729T182249_bf16_eager,bf16_eager,926,60.481537,60.50967,4014.374,4256.0
20260729T182249_bf16_eager,bf16_eager,927,60.86768,60.899386,4014.374,4256.0
20260729T182249_bf16_eager,bf16_eager,928,60.729343,60.759996,4014.374,4256.0
20260729T182249_bf16_eager,bf16_eager,929,60.93824,60.966281,4014.374,4256.0
20260729T182249_bf16_eager,bf16_eager,930,60.835777,60.867146,4014.374,4256.0
20260729T182249_bf16_eager,bf16_eager,931,60.862465,60.89062,4014.374,4256.0
20260729T182249_bf16_eager,bf16_eager,932,60.510208,60.537402,4014.374,4256.0
20260729T182249_bf16_eager,bf16_eager,933,63.024128,63.05747,4014.374,4256.0
20260729T182249_bf16_eager,bf16_eager,934,66.098175,66.138495,4014.374,4256.0
20260729T182249_bf16_eager,bf16_eager,935,62.493694,62.529506,4014.374,4256.0
20260729T182249_bf16_eager,bf16_eager,936,60.308479,60.339212,4014.374,4256.0
20260729T182249_bf16_eager,bf16_eager,937,63.62925,63.662147,4014.374,4256.0
20260729T182249_bf16_eager,bf16_eager,938,61.162495,61.195508,4014.374,4256.0
20260729T182249_bf16_eager,bf16_eager,939,68.249603,68.288834,4014.374,4256.0
20260729T182249_bf16_eager,bf16_eager,940,69.864449,69.906661,4014.374,4256.0
20260729T182249_bf16_eager,bf16_eager,941,62.35648,62.388693,4014.374,4256.0
20260729T182249_bf16_eager,bf16_eager,942,61.393921,61.426269,4014.374,4256.0
20260729T182249_bf16_eager,bf16_eager,943,60.540928,60.572588,4014.374,4256.0
20260729T182249_bf16_eager,bf16_eager,944,60.515327,60.54729,4014.374,4256.0
20260729T182249_bf16_eager,bf16_eager,945,60.724224,60.754326,4014.374,4256.0
20260729T182249_bf16_eager,bf16_eager,946,60.576832,60.608945,4014.374,4256.0
20260729T182249_bf16_eager,bf16_eager,947,61.128704,61.159051,4014.374,4256.0
20260729T182249_bf16_eager,bf16_eager,948,60.864513,60.895771,4014.374,4256.0
20260729T182249_bf16_eager,bf16_eager,949,60.792831,60.825319,4014.374,4256.0
20260729T182249_bf16_eager,bf16_eager,950,60.567551,60.598176,4014.374,4256.0
20260729T182249_bf16_eager,bf16_eager,951,60.783615,60.814779,4014.374,4256.0
20260729T182249_bf16_eager,bf16_eager,952,60.693504,60.723519,4014.374,4256.0
20260729T182249_bf16_eager,bf16_eager,953,60.726273,60.753234,4014.374,4256.0
20260729T182249_bf16_eager,bf16_eager,954,60.871681,60.896581,4014.374,4256.0
20260729T182249_bf16_eager,bf16_eager,955,62.598145,62.631837,4014.374,4256.0
20260729T182249_bf16_eager,bf16_eager,956,60.980095,61.008811,4014.374,4256.0
20260729T182249_bf16_eager,bf16_eager,957,60.6208,60.650122,4014.374,4256.0
20260729T182249_bf16_eager,bf16_eager,958,60.771328,60.800994,4014.374,4256.0
20260729T182249_bf16_eager,bf16_eager,959,60.390369,60.418069,4014.374,4256.0
20260729T182249_bf16_eager,bf16_eager,960,60.889088,60.9171,4014.374,4256.0
20260729T182249_bf16_eager,bf16_eager,961,60.250111,60.276165,4014.374,4256.0
20260729T182249_bf16_eager,bf16_eager,962,61.343742,61.375665,4014.374,4256.0
20260729T182249_bf16_eager,bf16_eager,963,61.243393,61.2708,4014.374,4256.0
20260729T182249_bf16_eager,bf16_eager,964,60.305408,60.333092,4014.374,4256.0
20260729T182249_bf16_eager,bf16_eager,965,60.621822,60.64892,4014.374,4256.0
20260729T182249_bf16_eager,bf16_eager,966,60.659714,60.688494,4014.374,4256.0
20260729T182249_bf16_eager,bf16_eager,967,60.371967,60.400547,4014.374,4256.0
20260729T182249_bf16_eager,bf16_eager,968,60.496895,60.526342,4014.374,4256.0
20260729T182249_bf16_eager,bf16_eager,969,60.997631,61.026204,4014.374,4256.0
20260729T182249_bf16_eager,bf16_eager,970,60.690529,60.721395,4014.374,4256.0
20260729T182249_bf16_eager,bf16_eager,971,61.054977,61.090404,4014.374,4256.0
20260729T182249_bf16_eager,bf16_eager,972,61.621246,61.649035,4014.374,4256.0
20260729T182249_bf16_eager,bf16_eager,973,60.500992,60.531922,4014.374,4256.0
20260729T182249_bf16_eager,bf16_eager,974,61.720577,61.752348,4014.374,4256.0
20260729T182249_bf16_eager,bf16_eager,975,60.223488,60.252651,4014.374,4256.0
20260729T182249_bf16_eager,bf16_eager,976,60.870655,60.897774,4014.374,4256.0
20260729T182249_bf16_eager,bf16_eager,977,60.377087,60.407109,4014.374,4256.0
20260729T182249_bf16_eager,bf16_eager,978,61.143967,61.172937,4014.374,4256.0
20260729T182249_bf16_eager,bf16_eager,979,60.316673,60.347158,4014.374,4256.0
20260729T182249_bf16_eager,bf16_eager,980,60.568577,60.597104,4014.374,4256.0
20260729T182249_bf16_eager,bf16_eager,981,60.664833,60.690538,4014.374,4256.0
20260729T182249_bf16_eager,bf16_eager,982,60.413952,60.43916,4014.374,4256.0
20260729T182249_bf16_eager,bf16_eager,983,60.550014,60.575093,4014.374,4256.0
20260729T182249_bf16_eager,bf16_eager,984,60.517376,60.545888,4014.374,4256.0
20260729T182249_bf16_eager,bf16_eager,985,60.467201,60.504792,4014.374,4256.0
20260729T182249_bf16_eager,bf16_eager,986,60.456959,60.48267,4014.374,4256.0
20260729T182249_bf16_eager,bf16_eager,987,60.696609,60.723359,4014.374,4256.0
20260729T182249_bf16_eager,bf16_eager,988,62.508034,62.541519,4014.374,4256.0
20260729T182249_bf16_eager,bf16_eager,989,60.746754,60.778192,4014.374,4256.0
20260729T182249_bf16_eager,bf16_eager,990,60.532738,60.564142,4014.374,4256.0
20260729T182249_bf16_eager,bf16_eager,991,60.787712,60.815451,4014.374,4256.0
20260729T182249_bf16_eager,bf16_eager,992,60.463104,60.492128,4014.374,4256.0
20260729T182249_bf16_eager,bf16_eager,993,60.576767,60.604979,4014.374,4256.0
20260729T182249_bf16_eager,bf16_eager,994,60.354561,60.380931,4014.374,4256.0
20260729T182249_bf16_eager,bf16_eager,995,60.246017,60.271467,4014.374,4256.0
20260729T182249_bf16_eager,bf16_eager,996,60.569599,60.597565,4014.374,4256.0
20260729T182249_bf16_eager,bf16_eager,997,60.391422,60.41789,4014.374,4256.0
20260729T182249_bf16_eager,bf16_eager,998,60.611584,60.63771,4014.374,4256.0
20260729T182249_bf16_eager,bf16_eager,999,60.453918,60.479515,4014.374,4256.0
